ROUTE,num_flights,avg_delay_minutes,delayed_percentage
DFW_HNL,559,48.85,30.41
PNS_DCA,880,48.59,26.02
JAC_DFW,743,45.78,31.36
IAH_VCT,624,44.76,22.28
BTV_DCA,1246,44.21,31.7
MYR_DCA,662,43.56,34.89
CVG_DCA,919,40.55,34.06
ASE_IAH,516,40.27,37.02
MTJ_DFW,586,40.18,23.04
AUS_PHL,1122,39.94,24.96
HPN_DCA,1261,39.89,36.48
ASE_ORD,920,39.04,38.15
CMX_ORD,771,38.43,30.35
HNL_DFW,552,38.26,21.92
MSN_DFW,1060,38.24,27.55
DDC_DEN,611,37.37,22.09
ASE_DFW,1068,37.24,34.74
PNS_DFW,1710,37.19,31.11
ORD_CMX,761,36.9,29.3
MSY_BOS,996,36.36,35.04
SAV_BOS,1026,35.85,37.13
EYW_PHL,516,35.71,28.68
MIA_MEM,509,35.5,40.67
IAD_EWR,1463,35.47,33.63
ALB_DCA,1155,35.17,33.51
TVC_ORD,2197,34.98,33.05
SRQ_LGA,657,34.96,24.51
BDL_SJU,906,34.88,32.78
DFW_BUF,518,34.8,39.0
CHS_LGA,1105,34.71,27.24
RDU_EWR,1743,34.71,30.87
CAK_ORD,1462,34.67,28.32
VCT_IAH,618,34.6,21.52
DVL_DEN,505,34.5,27.92
MGM_DFW,1028,34.49,26.75
CHO_ORD,939,34.37,28.97
CRW_ORD,939,34.28,32.8
SYR_DCA,1068,34.25,31.74
HSV_DCA,1222,34.19,34.7
ORF_DFW,1000,33.92,28.7
DCA_CVG,940,33.83,38.3
EGE_DFW,880,33.81,34.89
PIA_CLT,737,33.77,26.32
BGR_DCA,965,33.75,28.91
JAC_ORD,775,33.64,28.9
ORD_ASE,900,33.6,38.0
DFW_EGE,878,33.53,35.08
SJU_PHL,1539,33.52,29.24
PHL_SJU,1544,33.52,37.24
PBI_EWR,3383,33.51,30.21
TYS_ORD,1890,33.32,30.79
DFW_SAV,1003,33.15,34.9
DCA_SAV,1020,32.9,36.67
AVL_FLL,662,32.7,30.21
ORD_TVC,2200,32.69,33.55
RDU_PHL,2394,32.58,29.16
ILM_DCA,831,32.37,29.96
SAV_PHL,975,32.36,21.23
MBS_ORD,1042,32.31,28.5
COD_DEN,889,32.25,29.47
PHL_SAV,972,32.22,28.81
BFF_DEN,608,32.17,25.66
ORD_TYS,1890,32.04,29.68
DFW_MSN,1062,32.03,35.5
ORD_EWR,5810,32.0,33.56
FNT_ORD,1545,31.88,28.61
ASE_LAX,1077,31.83,28.88
DCA_HPN,1251,31.75,37.65
BUF_DCA,1177,31.63,34.15
SBN_ORD,2353,31.54,30.26
MYR_DFW,501,31.54,24.95
SNA_EWR,1052,31.51,21.39
DCA_GSP,946,31.5,34.57
DLH_ORD,1086,31.46,25.97
AUS_BOS,1444,31.4,33.38
ORD_DAY,1509,31.37,28.63
ATL_EWR,5933,31.33,33.31
ORD_SBN,2340,31.33,30.77
MQT_ORD,584,31.33,29.97
PWM_DCA,1220,31.17,26.23
FCA_ORD,537,31.04,32.59
AUS_EWR,1947,30.99,27.07
MCO_EWR,6423,30.9,28.52
ORD_CAK,1451,30.89,30.88
RST_ORD,789,30.85,33.08
GRR_DFW,1021,30.68,29.19
RSW_LGA,881,30.62,28.94
FWA_ORD,2174,30.61,31.97
RSW_DFW,1326,30.59,26.85
SRQ_ORD,837,30.55,29.99
CLE_DCA,1481,30.51,30.05
GCC_DEN,715,30.49,20.14
JAX_EWR,1270,30.48,26.06
CHA_ORD,688,30.48,32.12
EWR_MSP,2084,30.42,26.82
DFW_GEG,542,30.39,35.24
DAY_DCA,1055,30.36,28.91
ORD_MKE,4164,30.36,31.48
BNA_EWR,1888,30.35,29.29
RSW_PHL,1353,30.34,26.46
AVL_DFW,669,30.31,28.55
MSP_EWR,2061,30.28,29.11
HLN_DEN,862,30.27,29.23
SFO_RDD,921,30.08,22.58
HSV_ORD,1120,30.03,29.2
ORD_RST,789,29.92,32.95
ORD_FSD,1669,29.87,34.63
RDU_LGA,2671,29.78,29.17
MKE_ORD,4179,29.71,30.06
BTV_PHL,978,29.68,28.22
MHT_DCA,1143,29.67,29.4
AVL_SFB,528,29.64,28.22
SDF_CLT,1718,29.58,21.25
FSD_ORD,1668,29.55,30.7
MYR_EWR,956,29.51,24.48
BTV_ORD,1166,29.46,29.07
BTV_EWR,800,29.42,24.38
BDL_DCA,1702,29.4,32.2
MSY_DFW,2801,29.35,28.1
DEN_LBB,932,29.34,30.15
TYS_DCA,964,29.3,31.02
ORD_MQT,583,29.29,25.9
SRQ_BOS,601,29.25,27.45
DCA_TYS,982,29.25,33.4
CLT_EWR,3545,29.24,30.21
AMA_DEN,719,29.14,30.04
ROC_DCA,1106,29.14,29.02
DFW_DSM,1276,29.1,32.52
CVG_PHL,978,29.04,27.51
DEN_CYS,730,29.02,24.38
DFW_MKE,1088,28.96,32.44
FLL_AVL,658,28.85,29.33
BIS_DEN,1521,28.84,23.6
ORD_JAC,779,28.8,28.88
GRR_DCA,646,28.78,24.92
DCA_DAY,1055,28.67,33.84
DSM_DFW,1266,28.63,29.3
JAC_DEN,1602,28.63,27.72
PHL_BDL,623,28.59,29.37
EWR_BOS,3611,28.58,33.34
PBI_DCA,1665,28.56,29.55
FAR_DEN,1448,28.53,28.25
DFW_PNS,1716,28.52,31.88
ORF_DCA,1037,28.51,33.75
MCO_DCA,4502,28.47,31.14
CLE_EWR,1954,28.43,25.69
SAV_DFW,1000,28.42,25.4
DFW_EWR,3336,28.42,29.86
DCA_ALB,1153,28.42,31.66
ORD_DLH,1088,28.38,31.8
ORD_PHL,4449,28.37,27.47
SAV_EWR,985,28.37,22.13
DCA_ORF,1026,28.36,34.89
MCW_ORD,594,28.34,25.59
LGA_ORD,11237,28.31,29.76
LGA_MCI,1623,28.21,28.84
PHL_CVG,971,28.19,31.93
LGA_OKC,916,28.17,29.48
SGF_ORD,1510,28.17,28.87
DCA_BHM,948,28.15,29.22
IND_DFW,2042,28.14,22.92
RKS_DEN,721,28.13,17.89
DFW_MYR,516,28.13,33.91
SHR_DEN,714,28.0,22.27
SAN_MIA,562,27.97,13.17
RSW_DCA,747,27.97,28.38
DCA_BGR,955,27.96,31.62
GGG_DFW,700,27.9,18.43
PHL_ORF,971,27.85,27.91
BWI_DFW,1420,27.78,26.06
TYS_DFW,1559,27.73,25.02
DEN_RIC,686,27.72,36.44
SFB_TYS,643,27.72,31.73
OMA_DFW,1520,27.72,22.83
FAT_PHX,1453,27.71,21.06
DFW_BOS,3752,27.69,34.01
LIT_IAH,522,27.66,25.67
CHS_EWR,1368,27.63,24.42
DCA_GSO,760,27.59,29.21
SDF_BOS,678,27.59,33.63
SPS_DFW,693,27.59,20.92
PNS_CLT,1987,27.55,18.02
PVD_PHL,632,27.52,19.3
CLT_SHV,868,27.5,26.04
GSO_DFW,904,27.5,22.79
ORD_DCA,6539,27.47,30.23
ECP_DFW,1186,27.44,23.36
BZN_ORD,1105,27.39,25.07
STL_DFW,2290,27.36,25.81
SAV_DCA,1003,27.36,27.22
PBI_BOS,2181,27.34,30.44
TPA_LGA,2654,27.34,28.45
TPA_EWR,2670,27.33,29.44
RDU_DCA,1887,27.3,32.75
DCA_PHL,1006,27.27,30.82
MSY_DCA,1822,27.27,28.92
PBI_ORD,1200,27.25,28.83
ROA_ORD,775,27.24,26.06
IAD_SJU,578,27.24,26.47
AUS_DFW,4674,27.21,24.56
LAX_ASE,1064,27.2,25.47
EWR_SJU,2175,27.13,32.05
EWR_ATL,5957,27.09,28.81
TYS_PIE,515,27.09,27.96
ORD_JFK,1893,27.08,26.57
PBI_PHL,1562,27.07,23.3
ORD_FNT,1543,27.05,30.01
PIA_ORD,2078,27.04,27.48
ASE_DEN,2609,27.03,27.9
LAW_DFW,1034,27.02,23.31
FLL_EWR,4670,27.01,29.29
DCA_PNS,880,26.94,29.55
DFW_BPT,686,26.89,20.41
EWR_IAD,1467,26.87,30.4
PDX_HNL,833,26.87,33.73
ATL_MGM,722,26.84,21.88
DEN_BUF,592,26.83,40.2
ORD_EAU,604,26.81,29.64
DTW_SBN,560,26.81,31.96
MIA_EWR,3974,26.79,30.32
ORD_ICT,1961,26.78,31.31
ICT_DFW,2552,26.76,22.81
ORD_HSV,1117,26.75,30.35
PHL_MCI,735,26.75,27.48
PBI_DFW,1109,26.75,29.22
CHS_BOS,1192,26.72,32.21
LGA_DFW,6651,26.71,29.24
LGA_MIA,5886,26.66,27.78
ORD_CHA,685,26.65,28.32
HSV_DFW,2053,26.63,27.67
PHX_FLG,1316,26.62,19.68
ORD_CRW,940,26.61,30.53
SBN_DFW,1038,26.56,27.36
BOS_FLL,3400,26.54,31.71
BGR_ORD,597,26.53,26.3
MKE_BOS,725,26.53,37.66
DFW_GSO,907,26.52,36.05
DFW_ELP,2670,26.51,31.95
JFK_ORD,1874,26.5,28.71
ORD_FWA,2189,26.5,32.25
LCH_DFW,1029,26.49,23.52
SDF_DFW,2004,26.49,26.1
ATL_ABY,835,26.49,21.68
LGA_TPA,2674,26.48,30.1
BHM_DCA,945,26.45,25.93
MSY_EWR,1195,26.4,25.44
CLE_DFW,1647,26.4,23.44
DFW_TYS,1567,26.36,29.42
DFW_GRR,1027,26.35,30.28
PHL_DCA,1022,26.33,27.3
XWA_DEN,1469,26.32,25.05
JAX_BOS,1540,26.31,30.13
DCA_GRR,643,26.3,31.42
BOS_EWR,3598,26.29,28.43
DFW_BNA,3378,26.28,31.47
DTW_DCA,2741,26.2,28.49
ORD_LGA,11194,26.16,28.93
EAU_ORD,606,26.16,20.3
DFW_CVG,1725,26.15,29.45
DFW_SAT,4331,26.14,31.03
BNA_DFW,3376,26.12,25.89
DEN_DIK,667,26.11,25.19
BOS_AUS,1449,26.01,30.78
MCI_PHL,726,26.0,25.07
MCI_DFW,2492,26.0,28.05
EWR_LAX,5131,25.95,28.44
DCA_CLT,2956,25.94,21.79
SFB_AVL,525,25.93,31.62
COS_DFW,1942,25.87,23.07
MLU_DFW,1048,25.86,20.42
PIT_PHL,1398,25.86,27.97
JFK_ROC,790,25.8,31.14
SNA_ATL,1055,25.78,17.63
DEN_EWR,3213,25.75,27.98
ACV_SFO,1222,25.75,26.92
DEN_ASE,2563,25.72,26.18
JFK_DFW,2047,25.72,25.21
LIT_DFW,2695,25.72,28.13
PHL_MSP,1856,25.71,23.28
SJU_EWR,2165,25.7,27.85
FAR_ORD,2178,25.7,27.13
ATW_ORD,2229,25.7,28.4
VPS_DFW,1303,25.68,25.71
SHV_DFW,2062,25.66,23.67
AVP_ORD,553,25.66,28.39
PHL_GSP,506,25.66,27.67
LFT_DFW,1716,25.62,25.47
DFW_MCO,4726,25.6,32.67
DEC_ORD,606,25.58,26.73
DCA_SYR,1059,25.57,35.03
DAY_ORD,1498,25.57,24.7
MCI_BOS,573,25.54,30.02
CID_DEN,1029,25.54,26.53
TYS_CLT,1251,25.51,22.3
STT_JFK,504,25.51,16.47
MKE_EWR,760,25.49,24.61
PIT_DFW,1491,25.45,23.68
DTW_FWA,553,25.44,27.49
MEM_DFW,2395,25.43,26.43
FLL_BOS,3410,25.42,30.18
RIC_ORD,1463,25.39,25.63
IAH_DFW,5664,25.36,23.92
DFW_PVU,913,25.33,28.37
LBL_DEN,610,25.33,23.61
GSP_DCA,946,25.32,29.07
JAX_DFW,1696,25.31,21.52
DFW_FSD,1057,25.28,31.41
RIW_DEN,718,25.27,15.74
DFW_LAW,1030,25.24,26.99
ATL_SHV,1215,25.24,23.62
CHS_DCA,1746,25.22,27.66
HPN_CLT,1268,25.2,23.03
LGA_CHS,1104,25.12,29.44
ORD_CID,2210,25.12,28.55
MLI_ORD,1850,25.09,26.11
DFW_SFO,3949,25.09,30.89
PHL_MEM,730,25.07,23.97
MFE_DFW,2439,25.06,22.02
ATL_JFK,4227,25.04,25.79
BNA_BOS,2866,25.03,29.27
BOS_PBI,2175,25.01,32.14
ORD_LNK,1234,25.0,27.88
TYS_SFB,644,24.99,26.71
MKE_DCA,1280,24.98,21.64
ORD_BOS,7137,24.95,31.27
ORD_RIC,1598,24.95,29.1
RIC_LGA,1729,24.93,28.98
DCA_BUF,1193,24.9,33.19
BZN_DFW,686,24.9,25.8
BTR_DFW,1970,24.87,22.84
GEG_ORD,522,24.86,34.48
LGA_IAD,699,24.83,27.61
DFW_FAT,1380,24.8,33.33
DFW_ECP,1192,24.79,29.61
DFW_RSW,1330,24.78,33.68
LBB_DEN,925,24.77,29.41
LAR_DEN,598,24.77,24.58
DFW_MSY,2809,24.76,32.25
CAE_DCA,1018,24.75,28.19
DTW_IAD,1034,24.73,24.27
PWM_PHL,747,24.73,24.23
BNA_ORD,4832,24.71,26.43
JAN_DFW,1816,24.71,23.9
LGA_FLL,4035,24.67,26.99
PHL_CLE,916,24.65,25.87
DTW_EWR,3264,24.64,27.02
TPA_CVG,767,24.64,26.86
MSY_LGA,1428,24.62,27.17
ICT_ORD,1947,24.59,25.58
GSO_DCA,770,24.58,21.69
EWR_SFO,4308,24.58,26.83
CHS_JFK,752,24.57,28.46
MSY_PHX,802,24.55,25.44
LGA_PBI,2897,24.54,30.13
RDD_SFO,923,24.53,19.28
PVU_DFW,916,24.52,21.62
PHL_MCO,5284,24.5,27.74
RSW_EWR,2042,24.49,22.97
DFW_ORD,6518,24.48,28.83
DEN_MAF,1433,24.48,26.31
SHV_CLT,861,24.48,21.6
DFW_DEN,5821,24.46,29.32
CLT_JFK,2155,24.44,28.68
FLL_PHL,2809,24.43,21.29
DCA_CAE,1023,24.43,33.33
MCO_PHL,5297,24.42,25.75
MSY_PHL,1079,24.42,22.71
DEN_LNK,1571,24.41,26.23
CYS_DEN,738,24.34,21.14
DEN_AMA,724,24.34,28.04
ORD_DFW,6477,24.33,26.68
CLT_DCA,2979,24.33,31.82
PHL_ORD,4421,24.31,25.9
DFW_SDF,2008,24.3,26.89
EWR_SLC,1230,24.29,27.24
XNA_DFW,3414,24.29,24.66
ORD_MBS,1043,24.29,29.24
IAD_DTW,1019,24.28,21.0
LIT_DEN,1521,24.28,26.1
DFW_SAN,3299,24.27,34.31
PNS_DEN,514,24.25,30.54
CLE_PHL,906,24.25,25.5
CHA_DFW,1543,24.22,21.0
IAH_PHL,1623,24.22,19.96
DFW_JAC,740,24.21,28.78
BPT_DFW,692,24.18,18.64
SFO_EWR,4297,24.16,25.81
MIA_JFK,4882,24.15,26.2
BOS_SJU,1787,24.15,29.6
JAX_JFK,1308,24.14,25.92
GRI_DFW,699,24.1,21.32
PSP_ORD,684,24.09,16.96
ORD_CHO,948,24.07,29.75
DTW_GRB,641,24.04,24.65
MKE_CLT,1005,24.04,20.9
MIA_CHS,907,24.03,27.56
PVU_AZA,694,24.01,16.43
TLH_DFW,1048,24.01,22.81
CVG_ORD,3937,23.99,27.43
GRR_ORD,3485,23.99,27.46
STT_MIA,854,23.99,15.69
MIA_ATL,6080,23.98,27.19
DCA_FLL,2206,23.95,26.43
IND_PHL,1460,23.91,22.53
MCO_TTN,521,23.9,27.64
DFW_ILM,708,23.9,28.53
MAF_DEN,1424,23.9,21.14
ORF_PHL,986,23.88,25.35
ORD_SLC,3097,23.87,27.22
CLT_LGA,4723,23.87,28.12
MSP_ORD,6141,23.86,26.62
LGA_MCO,5107,23.84,28.26
IDA_DEN,1741,23.83,23.72
JFK_BUF,1293,23.83,26.91
EWR_SEA,2005,23.82,27.73
DFW_JAX,1715,23.82,31.49
DFW_LGA,6644,23.8,29.06
ORD_TUL,1935,23.79,26.3
ATL_SBN,1022,23.79,22.99
FAT_SFO,1306,23.78,26.19
ORD_OKC,2407,23.76,27.38
MLI_CLT,532,23.75,19.36
MCO_DFW,4730,23.73,25.64
SFO_MRY,669,23.71,16.44
TPA_DFW,2741,23.71,24.52
ORD_BNA,4813,23.7,28.78
BOS_DFW,3743,23.7,26.24
MYR_BOS,600,23.67,27.67
ORD_BTV,1163,23.67,26.83
DCA_BOS,8812,23.66,28.37
DFW_MCI,2493,23.66,32.09
DCA_DSM,629,23.66,28.3
FLL_DCA,2195,23.65,27.97
MIA_BOS,3586,23.65,29.81
MKE_DFW,1080,23.63,26.94
ATW_MSP,913,23.63,24.42
RSW_BOS,2349,23.62,26.91
PIA_DFW,965,23.62,20.31
DEN_ORD,6196,23.62,27.18
SAT_DFW,4328,23.59,23.27
AUS_CLT,1681,23.58,20.05
DCA_DEN,1370,23.58,24.31
LNK_ORD,1234,23.56,22.12
STL_EWR,959,23.52,22.94
DFW_ABQ,2318,23.5,30.67
ORD_GEG,530,23.5,27.17
TPA_DCA,2105,23.49,28.03
CMH_IAH,567,23.49,26.28
COU_ORD,1228,23.48,26.14
STS_PHX,649,23.48,23.27
DFW_PHL,3167,23.44,28.04
JAX_DCA,1448,23.44,26.52
DCA_LAX,1437,23.44,26.37
ROW_DFW,891,23.44,19.42
MIA_LGA,5831,23.43,29.02
SGF_DEN,1294,23.41,23.34
GSP_DFW,1214,23.4,24.22
DCA_ROC,1092,23.39,28.66
JFK_BOS,5431,23.38,27.21
DTW_CLE,765,23.36,23.53
SLC_HNL,847,23.35,16.77
PHL_TPA,2525,23.35,26.18
DCA_CLE,1476,23.33,31.03
DEN_BOS,3888,23.33,30.14
BOS_ORD,7131,23.31,27.02
BWI_SJU,1242,23.31,29.71
ORD_GSP,1500,23.29,26.33
DFW_PBI,1110,23.29,32.7
ATL_MCO,7968,23.28,29.68
DFW_OMA,1522,23.25,29.5
PVD_DTW,663,23.24,20.36
FLL_RDU,1223,23.24,26.0
CMH_ORD,4507,23.21,25.36
BOS_MCO,4533,23.21,28.39
EWR_ORD,5824,23.19,28.79
ATL_PHL,5458,23.17,27.48
DCA_BTV,1276,23.17,27.43
IAH_CLT,2350,23.17,20.04
TPA_BOS,2930,23.16,27.37
MOT_DEN,1145,23.16,22.53
MIA_SEA,1125,23.16,29.69
DFW_MIA,4715,23.15,29.44
DFW_ICT,2560,23.14,25.78
SFO_SBP,1132,23.13,22.53
DCA_DTW,2743,23.12,23.77
DCA_MHT,1142,23.1,29.51
JFK_MCO,4812,23.06,28.39
PVD_ORD,1329,23.05,25.96
DFW_TUS,2203,23.05,29.28
TYS_LGA,603,23.05,21.23
DFW_ASE,1057,23.04,30.56
PHL_AUS,1123,23.03,23.33
JFK_DTW,1077,23.01,23.86
DCA_HSV,1231,23.01,29.73
LGA_CLT,4751,23.01,20.88
BDL_PHL,627,23.0,20.73
ATL_FWA,1020,23.0,21.27
JFK_IND,1132,22.99,26.06
IAH_MIA,3688,22.97,22.48
DCA_MCO,4499,22.97,24.94
CAK_CLT,1358,22.97,19.96
MCI_DCA,1806,22.96,24.14
SYR_MCO,740,22.95,28.24
CLT_GSP,2140,22.93,25.89
TUL_DFW,2900,22.93,22.48
ORD_MSP,6138,22.92,27.65
IAH_EWR,3715,22.91,26.06
BUF_CLT,1169,22.9,19.08
BHM_DFW,2189,22.9,23.85
DFW_MFE,2447,22.89,28.36
DCA_PBI,1684,22.85,26.72
DCA_SEA,1005,22.82,25.77
STX_MIA,566,22.81,19.43
DFW_ORF,997,22.81,31.9
STL_ORD,2844,22.8,26.37
ROC_MCO,570,22.8,22.63
EWR_CLT,3570,22.79,22.94
DEN_ORF,668,22.79,33.08
DFW_COS,1949,22.78,28.17
ATL_IAD,3756,22.77,25.16
JFK_DEN,1479,22.77,28.94
SWO_DFW,697,22.72,19.8
PVD_FLL,534,22.72,28.46
EWR_MIA,3985,22.7,25.72
DRO_DFW,1065,22.7,22.63
JFK_MIA,4876,22.7,25.68
GRB_ORD,2296,22.7,26.35
MCO_JFK,4819,22.68,26.13
TPA_PHL,2523,22.68,24.18
PSP_DFW,986,22.68,20.28
DEN_DFW,5856,22.67,25.5
JFK_JAX,1320,22.66,27.65
DSM_ORD,2852,22.65,24.16
AVL_PIE,514,22.65,27.43
BUF_ORD,2112,22.64,23.01
MSO_DEN,1184,22.64,23.82
CHS_DFW,1148,22.64,21.08
BUF_DFW,518,22.64,27.22
DCA_BDL,1723,22.63,30.06
IAH_BOS,2018,22.63,26.86
DAY_CLT,1269,22.63,17.57
IAD_DFW,1837,22.63,22.75
LEX_ORD,1599,22.61,28.27
ATL_DFW,6456,22.61,26.64
MCI_LGA,1619,22.61,22.11
BGR_PHL,524,22.61,20.42
PHL_RSW,1350,22.6,27.19
FLL_CVG,1010,22.59,25.84
DCA_TPA,2123,22.59,26.52
DCA_CHS,1785,22.57,29.41
MCO_LGA,5114,22.56,26.42
PHL_BTV,979,22.56,23.29
DCA_ORD,6577,22.54,23.48
SEA_HNL,2949,22.53,30.76
DFW_BOI,769,22.53,31.6
DIK_DEN,676,22.53,26.18
ISP_TPA,510,22.52,26.86
SLC_DFW,3753,22.51,21.77
PHL_MIA,3021,22.5,24.2
CLT_CAK,1353,22.48,25.87
MCO_CVG,1767,22.47,25.52
LGA_DEN,4450,22.45,27.55
MIA_IND,912,22.44,29.5
ORD_LEX,1604,22.42,27.24
DFW_AUS,4678,22.41,28.97
PBI_JFK,2130,22.41,25.59
DCA_MIA,3927,22.41,24.17
LAX_DFW,6377,22.41,22.69
ATL_DCA,6646,22.4,30.3
SJU_BDL,911,22.4,27.66
IAH_MEI,617,22.4,22.04
DCA_OKC,690,22.38,29.57
IAH_SHV,1133,22.36,23.21
ORD_FAR,2180,22.36,27.02
MSN_ORD,3236,22.33,24.2
DFW_IAH,5651,22.32,28.44
BDL_DFW,774,22.3,24.42
IAH_OKC,1389,22.29,23.69
EAR_DEN,615,22.28,16.75
DCA_STL,2298,22.28,26.59
BUR_DFW,715,22.26,17.34
DFW_SMF,1658,22.25,30.7
MEM_DCA,1176,22.24,23.3
FLL_SEA,847,22.22,29.04
DFW_STL,2295,22.22,26.84
SBN_DTW,556,22.19,17.09
DFW_PDX,2350,22.18,32.21
JFK_DCA,2618,22.18,28.42
MIA_MCI,614,22.18,27.85
MIA_DFW,4691,22.16,27.41
CHS_MIA,908,22.15,20.26
EWR_FLL,4682,22.15,25.16
MCI_CLT,1282,22.14,19.58
BWI_ORD,2622,22.13,23.57
FSD_DEN,1806,22.13,25.03
SEA_BOS,2437,22.13,26.43
PIE_TYS,516,22.12,29.65
CID_ORD,2210,22.11,25.61
JFK_PDX,890,22.11,27.98
OKC_ORD,2417,22.11,22.3
PHL_FLL,2798,22.1,24.73
STL_DCA,2283,22.08,27.86
FLL_JFK,3700,22.07,23.97
CMH_PHL,1243,22.06,27.19
LGA_MSY,1437,22.05,27.63
DEN_FAR,1445,22.05,24.08
DFW_TPA,2759,22.05,30.23
MSN_DCA,984,22.04,24.19
LNK_DEN,1564,22.04,23.02
IAD_BOS,1550,22.03,25.94
CMH_DCA,1947,22.03,29.48
JAX_PHL,1493,22.03,22.3
BOS_TPA,2924,22.03,28.49
BOS_BNA,2860,22.01,28.6
DEN_BIS,1528,22.01,24.28
DFW_SLC,3781,22.01,28.59
CLT_CRW,1108,22.0,26.17
BNA_PHL,2625,21.99,24.61
PHL_DFW,3158,21.99,24.86
MDW_BOS,1317,21.98,30.37
PHL_BOS,4915,21.98,26.94
EWR_DFW,3359,21.98,23.1
PHL_LAS,1667,21.97,25.61
DFW_VPS,1314,21.97,28.39
ABY_ATL,838,21.97,14.68
MIA_MCO,3882,21.96,26.89
SLC_ORD,3087,21.96,22.48
BNA_CLT,3679,21.96,24.35
DCA_LGA,4360,21.95,28.12
MIA_PIT,688,21.92,29.22
LAN_DTW,921,21.92,19.87
ORD_ATW,2238,21.91,28.02
SBP_DEN,713,21.91,17.39
DFW_LAS,5460,21.9,29.08
DAY_DFW,1374,21.9,21.91
PBI_LGA,2886,21.9,26.75
RDU_BOS,2875,21.9,22.92
OKC_DCA,683,21.89,27.96
ORD_GRB,2293,21.89,27.17
FLL_DFW,2658,21.89,24.42
BOS_LAX,4507,21.88,22.76
STS_SNA,733,21.88,27.83
IAH_LGA,4189,21.87,25.3
LGA_CLE,1932,21.86,25.78
DTW_ORD,5695,21.85,24.44
SHV_IAH,1132,21.85,21.2
GSP_EWR,571,21.84,18.21
MIA_LAS,1674,21.84,27.66
FLG_PHX,1318,21.84,18.21
SJT_DFW,1037,21.83,20.44
ACT_DFW,1037,21.82,19.48
SBP_SFO,1136,21.82,30.19
EWR_MYR,976,21.82,24.18
DFW_LIT,2696,21.81,24.81
JFK_PBI,2119,21.8,27.75
HPN_MCO,1193,21.79,21.71
PHX_EWR,2451,21.79,24.03
EWR_PDX,814,21.79,23.22
EWR_MCO,6430,21.79,24.11
DFW_HSV,2068,21.78,24.18
ATL_MIA,6081,21.77,27.33
LIT_ORD,1202,21.76,29.2
ORD_COU,1229,21.76,27.91
DFW_CLE,1653,21.74,27.95
RNO_DFW,1194,21.74,17.67
PHL_RDU,2402,21.73,26.06
DFW_GSP,1216,21.72,29.11
OMA_ORD,2735,21.7,23.29
AVL_ORD,1168,21.67,27.31
SLC_EWR,1219,21.67,27.4
MSN_DEN,1012,21.67,23.22
TUL_ORD,1931,21.66,23.41
CLT_HPN,1284,21.66,23.21
ORD_MSN,3242,21.64,25.94
BDL_ORD,2256,21.63,24.82
MSP_ANC,706,21.62,22.52
PHX_EUG,555,21.61,25.05
SAN_DFW,3295,21.58,21.88
DEN_HYS,610,21.57,20.33
VPS_CLT,1162,21.57,16.44
DFW_MGM,1035,21.56,24.64
LGA_IAH,4215,21.56,22.37
ROC_JFK,791,21.56,20.23
DTW_DFW,3787,21.56,24.69
DTW_ELM,847,21.54,20.66
MIA_DTW,1753,21.54,25.33
DCA_MKE,1277,21.54,24.82
ELP_DFW,2664,21.53,22.03
CRP_IAH,515,21.53,22.52
MCO_ORD,5714,21.52,24.24
MIA_TPA,3061,21.52,26.23
DTW_PHL,2858,21.52,21.97
EWR_CLE,1983,21.5,23.55
IDA_DFW,529,21.49,21.93
IAD_ATL,3741,21.48,22.51
DFW_CID,1168,21.48,25.09
IAH_MSP,1711,21.47,22.85
MCO_BOS,4548,21.47,26.98
GNV_DFW,559,21.46,21.29
DFW_BHM,2197,21.45,25.08
CHS_DEN,644,21.43,29.97
SBA_SFO,1475,21.42,29.49
LGA_RDU,2702,21.4,26.72
DFW_IDA,535,21.39,25.23
BUF_BOS,1006,21.38,27.44
ABQ_DFW,2318,21.37,21.79
ATL_LGA,7679,21.36,26.55
PHL_BNA,2619,21.35,24.78
TUS_DFW,2191,21.35,19.95
ALB_ATL,1018,21.35,20.33
FLL_ATL,6407,21.34,24.72
HSV_CLT,691,21.34,20.98
ORD_TUS,1089,21.32,25.44
FWA_ATL,1016,21.32,19.0
DCA_SDF,929,21.32,29.71
FOD_ORD,602,21.31,19.77
EWR_AUS,1961,21.3,24.73
DFW_IND,2041,21.29,28.66
CVG_DFW,1729,21.28,24.18
DEN_SDF,1033,21.24,27.59
DCA_PWM,1212,21.24,26.98
BOS_SRQ,605,21.21,25.29
BWI_BOS,3767,21.21,26.39
MBS_DTW,1219,21.2,17.88
PHL_PWM,746,21.2,23.06
DFW_MEM,2398,21.19,28.69
SAN_PHL,1009,21.17,13.18
AZO_DTW,988,21.17,18.42
MGM_ATL,724,21.17,21.13
DCA_MSP,2408,21.16,20.72
ORD_PBI,1205,21.16,25.23
XNA_ORD,1612,21.15,25.19
MOB_DFW,1074,21.13,20.58
ISP_MCO,1472,21.13,24.59
DFW_PHX,5029,21.12,27.82
EWR_DTW,3293,21.1,23.05
DFW_DAY,1375,21.1,23.49
MIA_IAH,3694,21.09,24.26
CID_DFW,1166,21.09,20.5
MHT_CLT,906,21.07,17.77
IAH_ONT,534,21.07,29.96
COU_DFW,1120,21.06,23.66
MIA_MSY,1646,21.06,27.28
ORD_PVD,1339,21.06,27.93
EWR_MSY,1201,21.06,23.81
DEN_PHL,2976,21.05,26.11
DFW_ONT,2271,21.03,31.75
MYR_LGA,633,21.03,23.38
JFK_PIT,1708,21.0,23.89
JFK_ATL,4244,21.0,25.14
FLL_LGA,4049,20.98,26.3
GJT_DEN,2147,20.97,23.89
IAH_PIB,613,20.97,23.33
DEN_HNL,593,20.97,24.45
PHL_JAX,1496,20.96,25.2
EWR_LAS,2969,20.96,22.84
DEN_GUC,986,20.95,17.85
HDN_DEN,1382,20.95,23.81
DFW_AVL,674,20.95,24.04
PHL_DTW,2850,20.94,20.74
MCO_ATL,7990,20.93,24.19
DFW_RNO,1197,20.93,26.48
DAL_LGA,1377,20.92,26.72
ORD_DTW,5701,20.92,24.91
SBN_CLT,1039,20.91,19.44
DFW_OKC,3108,20.91,26.42
ORD_MLI,1851,20.9,27.39
GRR_LAS,538,20.88,23.98
SAN_EWR,1500,20.86,20.87
LGA_RSW,886,20.83,27.09
ATL_AGS,919,20.81,20.89
CVG_CLT,1879,20.81,20.92
DEN_LGA,4460,20.8,28.21
DTW_BUF,960,20.79,21.67
PVD_DCA,2450,20.79,25.02
HIB_MSP,615,20.79,17.56
LGA_IND,2361,20.78,24.14
DFW_PSP,989,20.78,30.03
ORD_AUS,2997,20.78,27.23
PHL_PBI,1565,20.77,27.73
SDF_DCA,950,20.77,23.05
MSP_DCA,2378,20.77,25.44
BNA_DCA,4056,20.75,26.68
ORD_PIA,2078,20.75,28.01
JFK_SYR,567,20.75,27.87
RIC_DFW,1042,20.75,30.04
BOS_DCA,8779,20.74,26.69
CPR_DEN,2362,20.71,22.95
AUS_ORD,2993,20.71,23.52
DSM_DCA,631,20.7,23.93
ATL_ORD,6034,20.7,24.76
DTW_GRR,1369,20.69,23.08
DCA_MSN,1001,20.67,25.87
CLE_ORD,4415,20.67,21.54
MSY_MIA,1634,20.67,22.28
CWA_ORD,744,20.66,23.52
MHT_MCO,862,20.66,23.67
DFW_CLT,3901,20.66,25.76
TTN_MCO,527,20.65,20.11
PHL_IND,1441,20.65,25.05
MSY_JFK,1098,20.64,21.68
DFW_BDL,770,20.61,31.95
GEG_DFW,536,20.57,20.71
BWI_CLT,3053,20.56,19.95
DFW_BWI,1402,20.55,30.03
DCA_JAX,1450,20.55,25.38
DFW_CHA,1555,20.54,24.37
BOS_PHL,4929,20.53,23.7
FLL_IND,1075,20.5,23.53
LEX_CLT,1653,20.5,20.99
GSP_ORD,1503,20.49,22.62
EWR_TPA,2676,20.48,25.75
PSP_SFO,2529,20.48,27.84
JFK_SJU,3840,20.48,27.63
PHL_STL,1473,20.46,24.24
BWI_SEA,702,20.46,31.34
MSP_OMA,1321,20.45,21.88
ORD_DSM,2858,20.45,25.37
FLL_PIT,1012,20.44,25.69
ORD_ORF,1516,20.44,26.39
CLE_DTW,766,20.43,19.06
PHL_CLT,3579,20.41,21.37
TPA_ORD,3113,20.41,22.33
ORD_CLE,4437,20.4,25.96
DEN_OAK,1692,20.4,30.97
PHL_PIT,1403,20.39,23.81
SBP_PHX,1206,20.39,16.0
XNA_DEN,1216,20.39,24.59
SBN_ATL,1018,20.38,20.43
DFW_SWO,694,20.38,21.04
ORD_GRR,3487,20.36,25.29
MSP_DFW,3181,20.35,23.36
PHL_DEN,2968,20.34,23.25
ORD_DEC,613,20.34,21.53
ORF_DTW,714,20.33,21.57
PHL_CMH,1242,20.33,23.43
ORD_DEN,6214,20.31,23.77
ATL_TPA,5976,20.31,27.71
LGA_XNA,727,20.3,26.96
XNA_LGA,734,20.29,23.57
STL_IAH,566,20.29,19.79
ORD_MCI,3702,20.28,25.31
BZN_LAS,610,20.27,21.31
FSD_DFW,1044,20.27,26.34
SAV_JFK,783,20.27,21.33
LGA_DAL,1374,20.26,24.82
ISP_PBI,1240,20.25,24.68
PHL_SAN,1013,20.25,25.77
MTJ_DEN,1392,20.25,23.06
IAH_PNS,583,20.24,26.76
MIA_RDU,2510,20.23,24.42
ONT_DFW,2254,20.22,21.52
DEN_MKE,2383,20.22,25.26
BNA_LGA,3775,20.21,24.98
ORD_BOI,930,20.21,25.27
LGA_BNA,3776,20.2,26.46
PHL_MSY,1078,20.2,24.77
EWR_PBI,3406,20.2,25.43
MEM_MIA,511,20.2,19.18
CHS_PHL,1370,20.19,22.85
PHL_MDW,1542,20.19,25.68
DEN_SFO,5489,20.18,29.68
JFK_MSP,891,20.18,17.51
XWA_MSP,855,20.18,19.3
BIL_DEN,1766,20.17,22.03
DFW_TUL,2913,20.16,25.27
LAX_EWR,5090,20.16,21.0
TUS_ORD,1082,20.15,18.39
ORD_OMA,2741,20.14,27.84
DEN_JFK,1465,20.14,22.25
BUF_DTW,960,20.14,16.88
COS_DEN,5196,20.13,25.17
DCA_DFW,3279,20.11,22.6
ATL_BOS,4909,20.11,26.91
MAF_AUS,1059,20.11,18.41
DTW_BOS,2772,20.1,24.42
FLL_ORD,2970,20.1,22.19
LGA_ATL,7705,20.1,23.39
COS_ORD,843,20.1,20.88
ALB_ORD,1785,20.09,24.26
ORD_FCA,538,20.08,26.58
BTV_CLT,571,20.06,19.96
SGF_CLT,1250,20.06,20.32
DEN_MEM,1217,20.05,26.38
MIA_BNA,2318,20.05,24.72
CMH_DFW,1683,20.04,21.45
JAC_LAX,623,20.04,23.92
ORD_CMH,4495,20.04,25.76
DFW_RDU,2219,20.03,27.35
SFO_DFW,3925,20.03,21.2
BWI_MCI,797,20.02,24.84
DEN_SGF,1298,20.02,24.42
CRW_CLT,1116,20.02,21.51
JFK_TPA,2455,20.02,24.44
DFW_MSP,3187,20.02,23.69
DTW_OMA,1144,20.02,23.34
PIT_MIA,689,19.99,23.51
PWM_ORD,1234,19.98,23.01
BOS_BUF,1005,19.95,25.57
DFW_SHV,2053,19.95,23.38
BOI_ORD,933,19.95,19.94
SYR_CLT,1092,19.94,19.05
DEN_COS,5195,19.94,25.7
SUN_DEN,620,19.91,17.26
SAN_BOS,1659,19.9,23.45
DEN_HLN,864,19.9,23.15
CID_PHX,740,19.9,15.68
DRO_DEN,2144,19.89,22.99
DFW_SPS,692,19.87,19.8
DCA_RDU,1879,19.87,26.72
RAP_DEN,2850,19.87,23.26
STL_DEN,3603,19.83,24.7
DTW_PHX,2402,19.83,22.98
STL_SFO,777,19.83,26.38
DFW_ATL,6469,19.82,23.39
LAS_EWR,2944,19.82,21.37
BOI_DFW,762,19.82,18.11
DFW_SJU,931,19.82,28.14
IAH_OMA,683,19.8,25.48
CLT_ORD,4166,19.79,24.89
ORF_LGA,1331,19.79,22.39
LGA_DTW,3887,19.79,22.28
DCA_SFO,1035,19.78,22.42
IAD_LGA,701,19.77,25.96
PHL_PVD,635,19.77,25.04
LGA_BOS,6836,19.76,26.17
DEN_BFL,723,19.73,24.07
OMA_MSP,1328,19.72,18.52
EWR_BNA,1900,19.72,24.79
AEX_DFW,1040,19.72,22.21
ALB_CLT,1115,19.72,18.74
FLL_ALB,526,19.71,27.57
DTW_ATW,1037,19.7,20.83
AUS_MAF,1058,19.67,18.81
MIA_STL,1054,19.67,27.13
LAS_SAN,6964,19.67,29.94
DCA_LAS,669,19.66,29.9
ATL_FLL,6397,19.66,27.48
RDU_ORD,3210,19.64,22.24
DCA_ILM,831,19.63,27.2
JFK_FLL,3708,19.63,25.51
DFW_RIC,1043,19.6,27.04
RDU_MIA,2498,19.6,19.82
DFW_CHS,1147,19.58,27.9
LGA_CVG,788,19.58,25.13
JFK_AUS,1954,19.58,19.86
SGU_DEN,1039,19.58,18.96
DFW_BUR,716,19.57,28.77
CLT_MDT,681,19.57,23.94
DFW_SEA,5169,19.57,28.73
EUG_PHX,548,19.57,12.77
ATW_DTW,1041,19.56,18.44
LGA_SAV,636,19.56,28.93
DFW_DRO,1081,19.54,24.05
LGA_STL,2480,19.54,24.48
BUR_SFO,2980,19.54,25.54
JFK_SAV,788,19.54,23.48
CLL_DFW,1179,19.53,18.66
BUF_FLL,558,19.53,21.68
BOS_RDU,2878,19.53,23.87
DFW_LAX,6412,19.53,25.78
CVG_MSP,846,19.52,15.25
DCA_MCI,1802,19.52,26.8
CLT_ROC,1036,19.51,22.59
BOS_PHX,2027,19.5,24.03
CLT_ORF,2538,19.5,24.98
SJU_MIA,2553,19.5,22.48
ORD_STL,2848,19.5,24.44
MEM_PHL,732,19.5,19.26
BOS_MDW,1296,19.49,27.24
ORD_SAN,3272,19.49,25.28
JFK_CHS,760,19.48,25.13
DEN_TYS,941,19.48,22.1
OKC_DFW,3108,19.47,22.2
SYR_ORD,2014,19.46,24.58
ORD_BUF,2114,19.46,25.07
FLL_RIC,797,19.45,25.85
DEN_SBP,711,19.45,24.89
DCA_ATL,6647,19.45,22.18
BOS_JFK,5395,19.44,23.34
TUL_CLT,734,19.44,19.07
ORD_ROA,769,19.44,26.79
SAT_CLT,1378,19.42,13.13
BOS_RSW,2347,19.42,26.5
RDU_DFW,2207,19.42,22.52
ORD_SFO,5288,19.4,25.79
IAH_ORD,5738,19.4,21.68
CLT_DAY,1278,19.39,25.04
DEN_HDN,1381,19.39,23.24
PWM_ATL,627,19.39,22.17
EWR_JAX,1284,19.38,20.09
GUC_DEN,988,19.36,23.58
CLT_TYS,1250,19.36,25.68
SNA_DFW,2822,19.36,19.6
RIC_MCO,1124,19.35,23.93
AZA_PVU,692,19.33,25.0
DFW_MOB,1077,19.32,22.93
BZN_DEN,2680,19.31,24.44
SJC_DFW,1234,19.3,18.96
RDU_JFK,2287,19.29,23.35
MIA_MSP,1144,19.29,24.56
SAV_ORD,1166,19.28,22.98
IAH_JAX,656,19.26,24.54
CLT_MKE,1009,19.25,24.98
DFW_BTR,1965,19.25,23.31
DEN_BDL,1061,19.25,29.03
DFW_FLL,2677,19.24,26.75
ORD_ATL,6037,19.24,22.84
CVG_MCO,1760,19.24,20.91
ILM_LGA,921,19.23,19.22
DEN_PNS,521,19.23,26.49
IND_MIA,915,19.22,22.08
RDM_SFO,1168,19.21,26.28
DFW_DTW,3806,19.2,22.44
BWI_MSP,1365,19.2,18.46
EWR_SAN,1514,19.19,22.19
DFW_LFT,1727,19.19,23.39
DEN_COD,884,19.19,23.87
IAH_PHX,3021,19.19,19.76
IAH_CRP,515,19.17,19.03
MSP_XWA,850,19.16,20.82
ORD_CLT,4188,19.16,22.49
GRR_DTW,1372,19.14,19.75
RDU_IAH,814,19.14,18.67
MIA_LAX,3155,19.12,23.23
LGA_MSN,671,19.12,25.78
BOS_JAX,1541,19.11,26.61
MCO_DTW,3769,19.11,23.51
CVG_LAS,673,19.1,19.91
CAE_DFW,819,19.1,20.27
DTW_AZO,984,19.09,19.82
PDX_EWR,811,19.09,20.1
DTW_LGA,3870,19.09,23.54
LBB_DFW,2642,19.08,18.36
FWA_DTW,552,19.08,16.49
DFW_PIA,961,19.07,18.52
BRD_MSP,624,19.07,17.79
DFW_SJT,1044,19.07,21.17
JFK_SEA,2823,19.07,26.74
MSP_JFK,883,19.06,22.42
BIS_MSP,1316,19.06,17.78
MCI_ORD,3683,19.05,22.67
DCA_PVD,2493,19.05,25.83
RSW_CVG,709,19.05,16.5
BOS_BWI,3726,19.05,21.52
ORD_JAX,1775,19.04,25.07
PHX_BOS,2032,19.04,23.57
SAN_HNL,1581,19.04,25.62
CLT_MCO,4699,19.03,25.56
EWR_DEN,3222,19.03,24.15
CLT_BOS,4148,19.03,26.74
ORD_RDU,3225,19.02,23.26
PIT_PHX,795,19.01,19.25
LAS_DFW,5435,19.01,18.97
ORD_IAD,1981,19.0,24.58
EWR_IAH,3715,18.99,22.31
CLT_AUS,1687,18.98,23.65
MIA_CLE,769,18.98,26.27
MCI_DEN,4112,18.97,25.75
EWR_ORF,669,18.96,27.2
BNA_MIA,2313,18.96,23.39
BDL_CLT,1707,18.95,17.05
CMI_ORD,879,18.95,22.41
ORD_COS,849,18.94,28.15
MCO_RDU,2606,18.93,20.95
LGA_MDW,2264,18.93,23.85
DCA_BNA,4082,18.93,24.77
ROC_ORD,2239,18.93,23.89
EWR_RDU,1769,18.92,26.17
IND_DCA,1937,18.92,22.97
IND_BOS,1942,18.91,25.03
EWR_PHX,2472,18.87,22.61
SEA_DFW,5147,18.87,23.35
ATL_ALB,1021,18.87,26.25
SAN_CLT,1575,18.87,14.92
DAL_DCA,1687,18.86,28.63
AUS_SAN,2141,18.84,25.74
HPN_ORD,1349,18.83,21.72
MIA_AUS,1847,18.83,23.23
TYR_DFW,1044,18.82,24.23
OGG_LAX,1822,18.82,18.06
BWI_MIA,2343,18.82,23.39
RSW_ORD,2863,18.82,19.59
EWR_PIT,1822,18.81,21.41
ABE_CLT,893,18.81,15.57
CLT_MLI,536,18.8,25.37
MIA_SAT,551,18.8,26.86
HOU_DFW,2147,18.79,21.7
BUF_JFK,1286,18.78,21.31
MSP_ATW,912,18.78,19.3
DFW_TLH,1057,18.78,24.22
BNA_JFK,1629,18.78,22.16
MEI_IAH,618,18.77,17.31
OKC_LGA,960,18.77,19.69
MLB_CLT,1211,18.77,18.91
LGA_DCA,4392,18.76,26.94
ORD_SGF,1509,18.74,26.38
PBI_HPN,1573,18.74,22.12
RAP_ORD,584,18.74,24.32
RSW_JFK,1280,18.74,20.0
DEN_LAS,7237,18.73,26.31
CLT_PIA,736,18.73,22.96
DFW_CMH,1699,18.73,28.25
DEN_RKS,712,18.73,23.88
PHX_FAT,1456,18.73,20.33
ORD_SEA,5301,18.72,26.13
SAT_ORD,1784,18.71,20.91
LGA_PIT,2931,18.71,22.24
HNL_SEA,2956,18.7,23.48
PHX_MSN,502,18.69,15.74
CLT_CLE,1812,18.68,23.4
ORF_CLT,2540,18.67,18.07
ELP_DEN,1802,18.67,21.37
DFW_JAN,1811,18.67,22.69
BOI_ATL,503,18.67,22.47
MSP_MCI,1046,18.66,20.46
MEM_ORD,2165,18.66,22.49
SAN_SFO,6598,18.65,28.4
MEM_DEN,1216,18.65,22.7
PHL_SEA,1096,18.65,30.57
MCI_FLL,559,18.64,23.43
SAF_DFW,1710,18.62,22.05
LAX_DCA,1422,18.61,21.73
PIB_IAH,614,18.61,14.66
LGA_HOU,1330,18.6,26.02
JFK_HNL,655,18.6,25.34
CLT_SDF,1721,18.59,24.35
BNA_IAD,963,18.56,22.43
DTW_MSN,1154,18.56,23.22
SEA_EWR,2008,18.55,22.11
CLT_GRR,1037,18.55,25.46
IAH_LIT,521,18.55,21.11
SJU_BOS,1903,18.54,23.7
MIA_ORD,4248,18.54,25.02
EUG_DEN,1097,18.53,22.33
HPN_ATL,802,18.5,17.33
IAH_MAF,947,18.5,22.6
IAD_JAX,675,18.49,22.07
DTW_RIC,695,18.48,19.71
DCA_MSY,1856,18.48,24.95
HOU_DCA,1035,18.47,28.21
CLT_ALB,1117,18.46,21.67
DEN_CPR,2360,18.46,23.56
DEN_CID,1042,18.46,22.94
ORD_ABQ,1162,18.46,27.71
TVC_DTW,1073,18.45,20.41
PHL_ATL,5449,18.45,22.87
DEN_PHX,8982,18.45,25.14
ATL_SJU,2092,18.44,26.96
CLT_CVG,1883,18.44,25.92
CMI_DFW,710,18.44,16.34
DEN_LIT,1534,18.44,22.69
ATL_PHX,3726,18.44,24.21
IAH_BNA,1305,18.43,23.37
MSP_PHL,1849,18.43,20.12
STL_CLT,1977,18.42,16.84
ORD_CWA,743,18.42,26.24
LAS_SFO,6052,18.42,30.5
CLT_SEA,1275,18.41,26.75
LGA_SRQ,664,18.4,21.39
MIA_SLC,704,18.39,28.27
GSO_LGA,1829,18.38,20.28
TPA_ATL,5955,18.38,22.45
CLE_LGA,1932,18.38,23.19
SGF_DFW,3005,18.38,24.26
DEN_TUL,2412,18.37,25.75
YUM_PHX,1316,18.37,16.19
JFK_BQN,561,18.37,29.06
TPA_MIA,3049,18.37,18.3
SEA_DCA,988,18.36,23.99
DEN_OKC,3257,18.35,25.27
MDW_ORF,565,18.34,24.96
MSP_PIT,605,18.34,20.5
MIA_BWI,2343,18.33,23.77
OKC_PHX,1871,18.33,18.71
CMH_PHX,1159,18.33,14.75
DCA_AVL,505,18.32,25.94
BDL_PBI,559,18.31,23.26
LGA_SDF,1335,18.3,19.78
STL_BOS,1592,18.3,25.94
DCA_RSW,760,18.3,24.87
CHS_CLT,2659,18.29,15.68
DEN_MIA,2569,18.28,25.42
RIC_BOS,1743,18.28,22.2
MCO_MIA,3877,18.27,20.97
DTW_JFK,1077,18.26,18.66
BWI_MCO,4793,18.26,22.26
AUS_FLL,794,18.24,29.09
MIA_PHL,3014,18.24,22.03
DEN_SHR,718,18.24,20.33
HPN_PBI,1591,18.23,22.88
MIA_DCA,3918,18.23,25.34
MSP_CMH,799,18.22,22.9
IAH_CMH,567,18.22,20.99
ONT_LAS,2536,18.22,20.82
ATL_IAH,4467,18.21,24.56
PWM_LGA,1003,18.21,19.34
SMF_DFW,1641,18.21,19.01
DFW_GNV,559,18.21,19.14
SRQ_EWR,906,18.19,17.44
DEN_GCC,713,18.19,17.67
BOS_CHS,1196,18.18,24.5
PHX_TPA,1226,18.17,22.92
JFK_BNA,1632,18.16,26.53
DEN_BHM,1081,18.16,26.73
ECP_AUS,563,18.16,26.47
DFW_CAE,820,18.15,26.59
SNA_STS,728,18.14,24.86
ALB_FLL,520,18.12,21.15
LBF_DEN,605,18.12,20.0
MDW_DCA,2037,18.11,26.36
ATL_DEN,5463,18.11,24.93
DCA_DAL,1681,18.11,25.58
SHV_ATL,1211,18.09,17.84
IND_PHX,1522,18.09,19.45
MCO_HPN,1206,18.09,22.97
DEN_PIT,1758,18.09,27.59
ORD_MSY,2049,18.08,22.55
SMF_SFO,1328,18.07,25.9
DFW_SJC,1241,18.06,25.46
IAH_MCO,3454,18.06,19.69
LAS_JFK,3868,18.06,20.53
PDX_DFW,2335,18.05,19.57
MDT_ORD,1478,18.05,22.67
EWR_SRQ,903,18.05,20.27
PIT_MSP,604,18.05,19.37
PWM_CLT,692,18.03,17.2
PHX_DTW,2404,18.02,17.3
CLT_HSV,686,18.02,21.43
CLT_PHL,3570,18.02,23.73
BWI_SRQ,1289,18.01,22.34
ABR_MSP,748,18.01,10.7
MCO_BQN,956,18.01,24.16
MCI_MSP,1044,18.01,17.53
CLE_TPA,987,18.0,22.59
SJU_DFW,915,17.99,18.91
CLT_DEN,2899,17.99,25.39
DTW_LEX,784,17.98,18.11
MSP_SNA,583,17.98,31.05
BOS_MIA,3594,17.98,22.93
DCA_OMA,632,17.97,19.78
ORD_SAT,1791,17.96,23.51
BWI_IAH,1190,17.95,16.81
DEN_BUR,2369,17.95,26.0
PHL_IAH,1621,17.95,21.28
STL_MSP,1787,17.95,19.98
XNA_CLT,1630,17.95,16.99
FLL_CLT,3169,17.95,17.99
DAL_DEN,2978,17.95,27.47
SEA_JFK,2812,17.92,28.31
SAF_DEN,1375,17.91,21.75
MDW_MSY,1003,17.91,24.13
JAX_ORD,1763,17.91,19.34
DEN_GRR,1251,17.9,27.42
MSY_ORD,2035,17.89,17.84
PHX_MSY,804,17.89,26.87
ORD_MCO,5708,17.89,22.63
AUS_DTW,1323,17.89,14.89
DAL_FLL,630,17.88,29.05
DEN_SUN,622,17.88,17.36
MIA_DEN,2561,17.88,21.63
DFW_SGU,572,17.86,23.08
CLT_XNA,1625,17.85,22.65
LGA_MEM,959,17.85,22.63
LGA_RIC,1718,17.85,24.45
DEN_MSP,5785,17.85,24.98
DEN_CMH,1734,17.84,28.03
ATL_HPN,799,17.84,21.03
CLT_BNA,3681,17.83,24.5
BRO_DFW,1507,17.83,19.31
GSO_ORD,1176,17.83,22.87
EGE_DEN,1321,17.83,27.63
DEN_TPA,3114,17.82,24.69
CLT_TUL,733,17.82,25.78
DAL_OAK,556,17.82,28.42
PDX_BOS,578,17.82,24.74
DEN_ICT,2059,17.81,23.56
SEA_CLT,1271,17.81,10.46
PHL_SFO,1812,17.8,21.3
IAH_TUL,1082,17.8,21.35
ORD_SMF,1199,17.79,26.19
DFW_TYR,1045,17.79,23.06
EWR_RSW,2056,17.79,21.5
BOS_LGA,6807,17.78,22.11
PBI_ISP,1249,17.77,23.22
LAS_DEN,7213,17.76,24.11
PHX_SBA,1350,17.76,20.37
JFK_RDU,2277,17.76,24.86
LGA_ILM,922,17.76,26.79
SRQ_CLT,1546,17.76,16.62
LAS_BOS,1723,17.75,23.22
SGU_PHX,862,17.74,19.61
MDW_LGA,2282,17.74,26.38
LAX_PHL,2429,17.74,20.67
DFW_XNA,3408,17.74,22.65
MDW_DEN,2616,17.73,24.31
DSM_CLT,780,17.73,15.77
DTW_LAN,918,17.73,17.97
BWI_SAV,963,17.73,20.56
MCO_MSP,1948,17.73,18.99
SYR_JFK,569,17.72,18.63
BOS_CLE,1738,17.71,21.98
ATL_BWI,5574,17.7,23.81
AUS_MIA,1838,17.7,20.35
DEN_SEA,6298,17.7,25.69
DCA_MEM,1194,17.69,23.12
DCA_PHX,1063,17.69,17.12
DSM_LAS,588,17.68,19.9
BOS_CLT,4144,17.67,20.44
CLT_BUF,1174,17.67,24.96
ORD_SDF,2454,17.67,21.84
CLT_PNS,1990,17.66,22.66
ORD_IAH,5760,17.66,23.21
ATL_ROC,1019,17.65,27.28
GSP_CLT,2140,17.65,18.13
HYS_DEN,605,17.65,17.52
CLT_LEX,1647,17.64,25.93
PVD_TPA,747,17.64,24.77
ORD_PSP,688,17.63,22.24
SFO_PHX,4735,17.62,22.28
FLL_AUS,798,17.62,26.82
CLT_MEM,1734,17.62,22.26
JFK_PHX,2699,17.62,21.27
BWI_PBI,1261,17.61,25.69
ORD_AVP,556,17.61,24.64
ORD_CMI,878,17.6,26.2
MIA_SJU,2545,17.6,23.69
DEN_CVG,1494,17.59,24.56
SAV_LGA,656,17.59,16.46
OGG_PHX,728,17.58,7.42
EWR_CHS,1363,17.57,20.69
DEN_BNA,3721,17.57,26.1
ATL_SGF,517,17.57,23.79
HSV_DEN,725,17.57,19.86
CVG_LGA,796,17.57,21.36
BHM_CLT,1971,17.56,16.49
ATL_SFO,3268,17.56,24.66
STL_PHL,1463,17.54,19.48
OKC_DEN,3262,17.53,22.9
FCA_DEN,1146,17.53,18.85
LAX_JFK,10073,17.53,18.52
DEN_IND,2558,17.52,24.59
GCK_DFW,701,17.52,19.26
SFO_STL,773,17.51,29.62
PHX_CLE,889,17.5,23.62
SLC_DEN,7694,17.5,24.5
SAN_LAS,6951,17.5,23.45
ORD_CVG,3967,17.5,25.56
MCO_BHM,774,17.5,27.52
BOS_PDX,576,17.49,25.52
CLT_DSM,778,17.49,26.48
MDW_MIA,555,17.49,22.7
FSD_MSP,931,17.48,17.51
PSP_PHX,1603,17.48,19.28
ATL_TRI,559,17.48,19.86
FLL_CMH,1010,17.47,27.03
DEN_AUS,4814,17.47,25.3
DEN_GTF,726,17.47,21.63
DEN_HSV,727,17.46,22.56
CLT_MIA,3739,17.46,23.75
DTW_MBS,1217,17.45,19.06
BWI_JAX,1376,17.45,24.49
CLT_MHT,919,17.44,21.98
HOU_FLL,785,17.43,27.64
MCO_LAX,3127,17.43,20.28
APN_DTW,601,17.42,13.64
PHX_CVG,578,17.42,21.11
ORD_ELP,738,17.41,24.66
GRB_MSP,720,17.41,16.53
PIT_BOS,2149,17.4,22.8
BOS_ATL,4901,17.4,22.46
OMA_DEN,3244,17.39,23.12
MSP_DEN,5765,17.39,23.14
PVD_MCO,1607,17.39,23.27
LGA_CMH,3134,17.38,21.0
DFW_GGG,694,17.37,21.76
DEN_PSC,728,17.37,20.47
ORD_BWI,2612,17.37,24.58
DCA_MYR,673,17.36,24.67
LAS_CVG,672,17.36,20.54
DAL_TPA,1294,17.34,25.97
EWR_SAV,993,17.33,21.95
EYW_CLT,1207,17.33,19.55
DEN_DAL,2995,17.33,27.15
DCA_IND,1957,17.32,23.86
CLT_BWI,3056,17.32,23.13
AUS_MCO,2525,17.31,22.65
ORD_PHX,5485,17.31,22.24
AUS_PHX,3311,17.31,19.48
CVG_MIA,1031,17.3,22.02
ROC_CLT,1032,17.29,17.25
FLL_PVD,536,17.28,24.81
DFW_IAD,1848,17.28,22.89
CLT_SAV,2577,17.27,22.86
IND_CLT,1914,17.27,18.18
DFW_DCA,3284,17.27,26.52
DAL_MCO,2562,17.26,24.9
LAS_HNL,2011,17.26,20.24
AUS_JFK,1951,17.26,18.81
DEN_RDU,1753,17.25,26.93
SGF_ATL,517,17.25,18.38
PHL_PHX,2234,17.25,21.8
JFK_SFO,6595,17.25,21.05
SFO_ACV,1201,17.25,18.07
CLT_BTR,745,17.25,24.43
MSP_SAT,880,17.25,25.8
DFW_PIT,1495,17.24,24.95
ORD_BDL,2266,17.24,21.09
ORD_SYR,2026,17.24,23.3
MHK_DFW,1035,17.23,16.52
ORF_EWR,630,17.23,18.73
STL_PHX,2193,17.22,21.8
DFW_BZN,691,17.21,26.77
ALB_DTW,1107,17.21,13.55
ORF_ORD,1509,17.2,22.73
PDX_ORD,2462,17.2,23.35
DEN_IDA,1749,17.2,21.73
DEN_MCI,4157,17.19,24.25
MCO_BDL,1841,17.19,23.3
EUG_SFO,987,17.18,18.34
ATL_PWM,628,17.18,23.25
RIC_BWI,722,17.18,22.99
LAS_ORD,5234,17.17,20.73
DEN_RAP,2857,17.17,21.98
MCO_PVD,1610,17.16,22.55
CLT_SFO,1591,17.16,27.34
DFW_ACT,1041,17.16,22.0
CLT_VPS,1165,17.16,21.89
LAX_SFO,10776,17.14,26.83
DFW_LBB,2657,17.13,22.24
LAX_BOS,4504,17.13,20.23
ORD_BZN,1100,17.13,28.55
PVD_CLT,1517,17.13,16.22
DFW_SBN,1048,17.13,22.23
DTW_FLL,2633,17.12,21.91
BWI_MSY,1287,17.1,22.53
IAD_ORD,1989,17.1,23.83
BWI_DEN,2981,17.1,22.81
ABQ_ORD,1156,17.09,20.85
EWR_CMH,1734,17.08,18.8
ATL_LAX,5288,17.08,22.5
DEN_XWA,1475,17.07,21.76
ORD_BGR,596,17.06,15.6
DTW_TVC,1074,17.06,21.6
PWM_EWR,1004,17.06,17.83
BWI_MYR,1017,17.06,21.63
AVL_CLT,1424,17.04,17.63
LGA_GRR,812,17.04,22.66
JFK_LAX,10129,17.04,20.21
CLT_RIC,2556,17.03,23.4
ORD_MDT,1480,17.02,24.32
MSY_LAX,1763,17.01,18.89
DTW_ORF,712,17.01,23.74
DEN_SMF,3912,17.0,25.18
EWR_IND,2027,16.98,19.54
IAH_DCA,2689,16.98,24.47
PHL_CHS,1373,16.97,22.14
MFR_SFO,1000,16.97,20.8
CLT_MLB,1217,16.96,20.79
SFO_ORD,5266,16.95,18.97
DEN_GJT,2158,16.95,21.59
ORD_SRQ,840,16.95,20.95
HOU_LGA,1329,16.93,23.1
GRR_EWR,762,16.93,19.95
DEN_OMA,3259,16.92,23.57
BNA_DEN,3695,16.92,23.11
MAF_IAH,942,16.91,15.29
DEN_FSD,1816,16.91,20.1
DTW_MCO,3765,16.91,21.51
DEN_SLC,7704,16.9,23.82
CLT_CHS,2661,16.9,22.02
DEN_CLE,1824,16.9,23.9
DTW_ALB,1108,16.9,21.57
LAS_FLL,1009,16.89,19.43
FLL_SJU,2277,16.89,24.24
DFW_GRI,692,16.88,21.1
ONT_DEN,2770,16.87,21.77
IAD_BTV,610,16.87,14.92
DFW_MTJ,588,16.86,21.6
MSP_MCO,1944,16.86,19.91
BOS_RIC,1746,16.86,24.8
BZN_MSP,786,16.85,14.89
DEN_DSM,2223,16.84,20.65
MIA_CMH,1043,16.84,24.16
MSY_FLL,1208,16.82,22.27
DTW_SYR,565,16.82,24.42
ATL_BDL,2259,16.81,22.53
RDU_DEN,1745,16.81,22.18
SFO_SAN,6591,16.8,27.05
CLT_IAH,2344,16.8,22.91
GJT_PHX,929,16.8,14.21
MSN_ATL,990,16.79,10.0
DTW_CHS,711,16.79,20.68
CLT_AVL,1417,16.78,22.44
FLL_DTW,2651,16.77,21.88
DEN_DRO,2148,16.77,22.44
CVG_TPA,764,16.76,21.73
DCA_CMH,1950,16.76,22.51
TPA_JFK,2449,16.76,20.05
DAL_MDW,2170,16.76,24.29
SNA_SFO,4566,16.75,22.95
ONT_SFO,1341,16.74,24.09
EWR_SDF,856,16.74,18.57
ATL_JAX,3980,16.74,25.05
SFO_ONT,1343,16.72,20.25
CLT_SYR,1093,16.72,22.6
MCI_TPA,644,16.71,23.14
AUS_MSP,1602,16.7,21.22
CLT_CAE,602,16.7,24.58
DEN_RIW,724,16.7,17.68
ATL_SNA,1051,16.69,26.45
CVG_BOS,1635,16.69,23.49
ORD_LAS,5225,16.68,22.32
MCO_PHX,1761,16.68,22.03
FLL_MSY,1217,16.67,23.58
STT_ATL,621,16.66,15.62
FLL_DAL,622,16.66,22.83
STL_SAN,508,16.65,25.98
CLT_SRQ,1545,16.65,21.49
IAH_MEM,942,16.65,18.9
MIA_SAN,556,16.65,29.14
PHX_JFK,2687,16.64,20.21
IND_EWR,2049,16.64,18.84
DFW_SAF,1701,16.64,24.57
IAD_CMH,1084,16.63,18.45
SFO_BOS,4533,16.63,21.35
IAH_BWI,1191,16.63,23.51
JAX_MIA,1784,16.63,19.23
TPA_PIT,1017,16.62,21.14
SEA_ORD,5290,16.62,22.97
RIC_DTW,691,16.62,17.22
LIT_CLT,1198,16.62,20.37
HRL_DFW,1535,16.61,17.79
ORF_MCO,790,16.61,22.28
ORD_PIT,3646,16.6,21.34
MIA_JAX,1785,16.6,22.18
MCO_ALB,1075,16.6,21.77
PHX_SFO,4750,16.59,23.92
DCA_MDW,2034,16.59,20.7
ATL_LAS,4849,16.59,23.45
DEN_DCA,1370,16.59,22.92
CVG_DEN,1486,16.58,20.93
DEN_PDX,4415,16.58,25.89
MCO_STL,2340,16.56,21.32
TPA_CLE,987,16.56,19.66
BWI_GSP,685,16.55,19.27
DRO_PHX,879,16.55,16.61
SRQ_MDW,503,16.54,19.48
LGA_ORF,1314,16.53,23.29
BWI_TPA,2731,16.52,21.6
ORD_MEM,2164,16.51,23.84
ATL_PBI,3773,16.51,26.56
EWR_GSP,566,16.51,19.96
DEN_EUG,1115,16.51,22.33
CLT_MYR,2384,16.5,23.78
CLE_CLT,1813,16.5,17.15
BDL_TPA,838,16.5,22.79
SLC_LAS,3777,16.49,22.61
LRD_DFW,1586,16.49,18.1
RDU_MCO,2603,16.48,17.71
BOS_DTW,2772,16.48,21.28
IND_ORD,4682,16.47,19.31
BOS_IAD,1551,16.47,19.28
AUS_DEN,4816,16.47,21.84
MIA_SFO,1621,16.47,22.21
DTW_PLN,631,16.47,18.38
SFO_CLT,1586,16.47,14.56
DTW_PVD,665,16.46,21.2
PHX_MEM,590,16.45,25.76
FLL_MSP,684,16.45,18.13
GPT_CLT,925,16.44,15.68
ORD_LAX,6949,16.43,21.8
SAN_SBP,628,16.43,26.75
TPA_ISP,514,16.42,22.18
PHX_DEN,9044,16.42,22.99
DEN_MOT,1151,16.42,21.29
RIC_FLL,790,16.41,18.35
SEA_DEN,6266,16.41,23.86
IAH_STL,567,16.4,25.22
DEN_MDW,2543,16.4,23.91
MSY_SEA,649,16.4,26.04
DEN_ATL,5474,16.4,21.96
ICT_DEN,2071,16.4,20.09
IAD_TPA,1557,16.4,23.12
DEN_ONT,2778,16.39,25.99
TUL_DEN,2404,16.38,21.21
ORD_TPA,3121,16.37,21.88
IAD_MCO,2220,16.35,22.39
DFW_LCH,1015,16.35,19.7
SLC_SFO,3503,16.35,22.15
SAN_AUS,2150,16.35,25.44
SEA_SFO,6819,16.34,25.0
TPA_PVD,745,16.34,22.95
PIT_TPA,1003,16.34,19.24
MIA_STX,569,16.33,22.32
CLT_SBN,1040,16.32,19.71
DEN_LGB,1010,16.32,26.63
IAD_CLT,1949,16.32,18.62
DEN_SAN,5428,16.31,25.46
CLT_CMH,1965,16.3,23.21
IAH_ATL,4466,16.3,20.15
GSO_CLT,1483,16.29,16.66
ORD_PWM,1247,16.29,23.58
CLT_DFW,3890,16.28,22.54
ORD_MIA,4261,16.27,21.47
EWR_PWM,956,16.27,21.55
HPN_FLL,875,16.27,21.49
FWA_DFW,1050,16.26,22.57
CLT_ILM,2254,16.26,20.98
LGA_GSO,1819,16.26,22.81
DEN_RNO,2668,16.26,24.36
CMH_EWR,1739,16.25,21.51
DEN_JAX,941,16.24,26.14
MCO_AUS,2535,16.23,22.21
ATL_ORF,2814,16.23,23.81
LAN_ORD,701,16.22,18.97
ORD_DAL,854,16.21,22.37
JFK_MSY,1107,16.21,19.24
BOS_SEA,2429,16.2,24.58
PHX_CMH,1158,16.2,25.82
BOS_PIT,2154,16.19,21.91
CLT_GSO,1482,16.19,22.2
LAX_ORD,6926,16.19,18.57
BOS_MSY,992,16.18,21.27
MIA_PHX,1779,16.18,21.81
BWI_ATL,5545,16.18,20.11
SYR_ATL,1074,16.18,19.18
IND_SEA,528,16.18,25.76
MIA_CLT,3756,16.17,20.45
SBP_SAN,631,16.17,20.92
ELM_DTW,847,16.15,16.65
ALB_MCO,1071,16.15,23.53
DAL_BWI,1816,16.15,21.92
DEN_SGU,1046,16.14,19.22
MCO_IAD,2216,16.14,18.82
IAD_SFO,2796,16.13,20.49
GRB_DTW,643,16.13,15.71
SAT_SEA,579,16.13,25.39
TPA_SJU,1431,16.12,23.69
CAE_CLT,600,16.11,16.17
CID_MSP,503,16.11,20.68
SAN_PHX,5599,16.11,21.09
SDF_ORD,2456,16.11,19.87
TRI_ATL,562,16.1,16.19
JFK_CMH,1698,16.1,21.61
ORD_ALB,1791,16.1,21.61
TPA_SEA,995,16.1,24.62
SBA_PHX,1358,16.09,16.13
BOS_MYR,595,16.09,22.69
IAD_SAT,652,16.09,17.94
MEM_LGA,972,16.09,20.27
MIA_SAV,842,16.09,17.81
PIT_ORD,3648,16.09,18.97
DEN_ELP,1807,16.09,24.68
DEN_HOU,2368,16.09,25.21
DTW_SFO,1788,16.07,21.76
BWI_DTW,2249,16.07,18.36
DCA_JFK,2596,16.07,20.49
LAX_RDU,769,16.07,20.29
JFK_CLT,2161,16.06,17.63
MCO_IAH,3473,16.06,18.92
AUS_IAH,2619,16.05,22.18
CLT_SAT,1384,16.04,22.54
LGA_BUF,1700,16.04,22.82
CLT_ABE,892,16.03,21.41
PHX_PIT,799,16.02,20.03
MCO_DAL,2577,16.01,23.83
MSP_BOS,1850,16.01,24.22
IAH_TPA,1784,16.01,19.23
CLT_IND,1908,16.01,23.9
LAX_MCO,3116,16.0,19.7
LAX_LAS,8653,16.0,21.52
LAS_OKC,1216,15.99,22.37
SNA_ORD,2237,15.99,19.71
DEN_IAH,4495,15.98,22.89
SEA_KTN,1273,15.98,26.32
LAX_MIA,3153,15.98,20.62
CVG_PHX,576,15.98,17.88
MCO_SEA,1822,15.97,20.91
MCO_SDF,895,15.97,22.57
STL_LAX,975,15.97,20.21
BET_ANC,695,15.96,29.93
CLE_BOS,1741,15.96,21.94
MCO_CLT,4714,15.95,18.67
LAX_ATL,5279,15.94,20.38
BOS_MKE,725,15.94,24.14
CLT_STL,1972,15.94,21.91
CLT_OKC,796,15.93,19.6
DCA_IAH,2699,15.93,16.71
MCO_SAN,838,15.93,25.54
PIT_DCA,1454,15.93,22.15
RNO_SFO,1745,15.93,25.73
BOS_SFO,4527,15.92,21.94
DAL_LIT,1011,15.92,24.43
DEN_MSY,2274,15.92,24.45
DAL_ORD,851,15.92,22.44
BWI_MKE,837,15.91,21.15
MDW_CLT,698,15.9,27.51
RNO_SAN,1119,15.89,25.11
PHL_BGR,529,15.89,21.93
LGA_PWM,1000,15.89,21.9
TPA_IAD,1563,15.89,18.36
ORD_IND,4674,15.88,20.75
MDW_PHL,1542,15.88,22.76
BOS_DEN,3927,15.87,24.55
DEN_LAR,604,15.87,20.86
IAD_PWM,807,15.87,14.99
GTF_DEN,722,15.87,17.04
IAD_PHX,1199,15.86,22.52
SJU_JFK,3835,15.86,19.32
BDL_MCO,1835,15.86,22.4
CMH_LGA,3109,15.86,21.07
BWI_FLL,3225,15.85,20.9
MIA_IAD,581,15.85,17.21
MSP_BIS,1313,15.85,17.9
CLT_SJU,994,15.84,22.84
CHS_ORD,1772,15.84,22.86
MCO_BNA,3249,15.84,22.78
MEM_CLT,1737,15.83,16.29
DAL_ATL,3451,15.82,19.07
OMA_DTW,1142,15.82,17.16
ATL_CHA,1505,15.81,20.0
DEN_CLT,2906,15.81,20.51
MKE_DEN,2403,15.81,20.64
ORD_FLL,2975,15.81,20.44
DEN_SJC,2921,15.81,23.18
SLC_DAL,654,15.81,22.02
ORD_XNA,1604,15.8,24.25
DEN_GEG,2007,15.8,24.86
BOI_SFO,1516,15.79,20.65
BOI_DEN,2980,15.79,19.9
ECP_CLT,1109,15.78,15.6
DEN_SAT,2962,15.76,24.04
DFW_LEX,1186,15.76,21.59
ORD_AVL,1182,15.75,22.17
RNO_SEA,791,15.75,27.18
FLL_MDW,1117,15.74,21.93
CLT_BDL,1705,15.74,21.41
SFO_DEN,5471,15.73,23.09
CLE_JFK,682,15.72,17.3
SAV_MIA,842,15.72,16.03
CLT_TPA,3554,15.72,22.17
LAS_AUS,2930,15.72,23.38
SAN_TUS,621,15.72,21.9
PHX_DFW,5014,15.71,19.13
BHM_MIA,817,15.71,19.22
BOS_STL,1583,15.71,22.55
SFO_LAS,6044,15.71,21.53
IAH_CVG,571,15.7,26.8
LGA_GSP,883,15.7,23.9
STS_SAN,748,15.7,24.06
BWI_MDW,1921,15.7,22.49
RIC_DEN,687,15.7,20.96
MCO_MEM,816,15.7,23.9
ATL_RSW,2879,15.7,22.99
DFW_HOU,2143,15.69,22.59
SLC_JFK,1930,15.69,18.5
RDU_TPA,1228,15.68,19.3
MSP_PHX,3233,15.68,19.21
MCO_CMH,2252,15.67,24.25
EYW_ATL,1424,15.67,19.1
BWI_CHS,1235,15.66,21.62
BWI_RSW,1411,15.66,22.68
MCO_SFO,1434,15.65,19.87
ORD_LSE,867,15.64,22.95
DFW_BIS,724,15.62,24.17
CLE_LAS,1004,15.62,19.52
BDL_FLL,789,15.61,22.94
FLL_BDL,783,15.61,21.71
CLT_OMA,998,15.59,23.05
RSW_IND,888,15.59,21.85
IAH_AUS,2623,15.59,21.08
CLE_MCO,1871,15.58,21.0
MSP_LGA,2052,15.58,22.12
DSM_DEN,2227,15.58,16.7
ATL_MDW,3498,15.57,20.75
BHM_ORD,787,15.57,20.71
DFW_JFK,2045,15.57,20.44
OMA_ATL,1756,15.55,13.5
BWI_DAL,1809,15.55,22.72
IND_RSW,882,15.54,20.86
FLL_HPN,870,15.54,20.69
BWI_CMH,1036,15.54,22.78
LAS_DCA,660,15.53,27.27
DEN_MRY,723,15.53,22.13
BNA_PHX,2389,15.53,19.3
MCO_RIC,1129,15.52,24.62
CLE_MIA,774,15.51,18.48
DEN_JAC,1601,15.51,20.55
SJU_FLL,2275,15.49,19.74
ATL_AUS,4460,15.48,23.03
DCA_HOU,1023,15.48,21.11
DTW_ATL,4894,15.47,19.62
PIE_AVL,514,15.46,18.87
MFE_AUS,1016,15.46,15.45
CLT_MDW,695,15.46,23.31
TPA_MDW,1681,15.45,20.4
BOS_MCI,573,15.44,22.16
MCI_SEA,1105,15.43,18.28
SFO_FAT,1308,15.42,18.04
ORD_RAP,582,15.42,21.48
DEN_BFF,611,15.41,19.97
TUL_ATL,1508,15.41,14.39
ATL_STT,638,15.4,24.92
JFK_RSW,1289,15.4,19.86
BMI_ORD,597,15.4,19.6
FLL_CLE,1047,15.4,17.96
DCA_PIT,1444,15.4,21.68
RSW_DTW,1777,15.39,18.29
ORF_DEN,664,15.39,21.84
DFW_ROW,886,15.38,19.41
DTW_SDF,1159,15.38,18.98
DEN_ABQ,3116,15.38,22.95
ORD_PDX,2473,15.37,22.16
FAT_DFW,1360,15.36,17.21
IAD_MSY,648,15.36,17.13
SEA_MCI,1108,15.36,24.64
DEN_MCO,4555,15.36,21.62
KOA_LAX,1553,15.35,13.46
SEA_ABQ,566,15.35,33.75
GRR_CLT,1037,15.34,19.0
IAH_MFE,686,15.34,19.53
MYR_CLT,2386,15.34,15.63
MSP_RSW,1214,15.34,20.02
ATL_MOB,547,15.33,21.57
IAH_DEN,4487,15.31,20.1
MSP_STL,1787,15.31,19.7
MCO_BUF,1878,15.29,22.58
DEN_XNA,1227,15.29,19.89
OKC_IAH,1382,15.29,16.71
ATL_CLT,4664,15.28,19.7
DEN_FLL,1611,15.28,23.09
STL_LGA,2464,15.28,21.71
AUS_MFE,1020,15.27,17.55
MSN_DTW,1155,15.27,14.46
INL_MSP,650,15.27,10.92
RDU_MSP,1214,15.26,17.46
MSY_AUS,2034,15.26,21.04
IND_JFK,1148,15.25,18.21
DTW_RSW,1778,15.25,19.69
MCI_PHX,2401,15.23,18.74
BUF_LGA,1716,15.23,18.88
CLT_MCI,1278,15.23,21.83
MCO_IND,2347,15.21,21.13
SFO_JFK,6554,15.21,18.65
HNL_PDX,839,15.21,21.1
BOS_LAS,1727,15.2,22.76
BUF_TPA,859,15.2,19.79
MCO_SJU,6080,15.19,21.81
DTW_CLT,3676,15.18,15.75
GSP_LGA,887,15.18,19.17
BWI_ROC,1081,15.17,22.11
BOS_CMH,1964,15.17,20.77
PHX_ORD,5477,15.17,19.04
CLT_IAD,1941,15.17,19.99
PHX_SAN,5615,15.17,22.46
LGA_MSP,2073,15.16,17.51
MCO_DEN,4547,15.16,21.13
PAE_PHX,596,15.16,13.93
MSP_AUS,1606,15.16,21.79
CHS_DTW,710,15.15,13.94
ORD_ROC,2104,15.15,22.34
TPA_BUF,860,15.15,19.77
MDW_PDX,603,15.14,28.03
SEA_RNO,791,15.14,26.93
BNA_LAX,2114,15.14,18.59
DEN_MFR,724,15.13,22.1
IAH_ICT,537,15.13,19.37
TXK_DFW,701,15.13,17.83
BIS_DFW,718,15.13,22.98
FLL_BUF,558,15.13,21.68
CLT_DAB,1380,15.13,21.52
ORF_ATL,2806,15.12,16.82
SJU_MCO,6055,15.12,17.11
ROC_ATL,1015,15.11,21.48
ICT_IAH,536,15.11,14.55
OKC_LAX,873,15.1,14.78
IAD_LAX,2397,15.1,18.11
SAN_DEN,5426,15.1,22.19
ATL_SAN,2465,15.09,24.54
CLT_PBI,1886,15.09,22.64
SAN_JFK,2344,15.09,17.28
ATL_OMA,1757,15.08,20.32
RIC_CLT,2556,15.08,16.9
DTW_DEN,2925,15.07,21.54
ANC_MSP,705,15.07,15.89
DEN_DTW,2934,15.07,21.81
MDT_ATL,953,15.06,15.53
DEN_MTJ,1394,15.05,22.02
DTW_MKE,1345,15.05,18.14
MCO_MCI,1539,15.05,24.24
DEN_DDC,605,15.04,19.01
BNA_TPA,2398,15.04,22.6
SAN_ORD,3271,15.04,19.26
DAL_SMF,657,15.04,22.68
CLT_MSN,1036,15.04,20.56
BNA_CLE,939,15.03,22.58
DFW_AEX,1037,15.02,19.29
CMH_BOS,1970,15.02,19.34
LAS_PHX,6257,15.02,20.03
MSY_MCO,2315,15.02,18.79
CLT_RDU,3261,15.01,21.59
IND_MSP,1117,15.0,16.47
DEN_RDM,721,14.99,25.24
DEN_LBF,607,14.99,21.25
MDW_SRQ,507,14.99,27.81
LIT_ATL,2237,14.99,12.96
CLT_PVD,1516,14.99,21.64
GSP_PHL,508,14.99,12.6
DTW_PIT,1034,14.98,20.02
AUS_IND,863,14.98,21.78
MSP_FSD,930,14.98,20.0
IAH_DTW,2188,14.97,16.18
TPA_CLT,3558,14.97,16.58
BOS_CVG,1625,14.97,23.2
BWI_SAT,805,14.95,20.99
TPA_RDU,1237,14.95,18.27
IND_TPA,1145,14.95,19.74
ATL_EYW,1429,14.95,20.5
PHL_SLC,652,14.95,26.23
SNA_MSP,585,14.95,20.34
BNA_SAV,744,14.94,22.98
IAD_SEA,1903,14.94,20.6
BQN_MCO,955,14.94,17.17
IAD_LAS,1254,14.93,19.22
DSM_ATL,1224,14.93,12.09
MIA_MDW,552,14.92,20.11
PIT_LGA,2897,14.92,19.57
SFO_DCA,1022,14.91,23.29
TPA_BNA,2402,14.91,22.36
LAS_DTW,3058,14.9,16.84
CMH_DEN,1723,14.9,21.24
GEG_PHX,1131,14.9,13.53
CLE_PHX,888,14.9,22.52
MSP_BRD,622,14.9,16.24
MSP_DLH,1119,14.9,14.21
IND_DEN,2519,14.89,22.87
CLT_FLL,3158,14.89,22.77
MSP_MIA,1136,14.89,19.01
MKE_PHX,1463,14.88,16.2
BWI_PVD,1837,14.87,19.92
ATL_DTW,4891,14.87,20.55
IAD_ORF,577,14.86,18.02
DEN_CHS,655,14.86,23.97
STL_FLL,865,14.86,21.97
MSP_IAH,1703,14.86,20.08
CVG_FLL,1012,14.86,21.34
MFR_DEN,716,14.86,16.9
LAX_TUS,2628,14.85,18.65
DAL_COS,879,14.85,22.3
PIT_FLL,1004,14.85,16.83
LAX_CLT,2485,14.85,15.37
OAK_HNL,793,14.84,13.75
MSP_BWI,1362,14.84,19.97
MCO_SAT,1135,14.84,21.85
ATL_XNA,562,14.84,18.33
DSM_PHX,1093,14.84,16.29
MDW_ALB,656,14.84,22.71
MSP_BJI,724,14.83,15.06
ATL_PVD,1008,14.83,25.5
ORD_AZO,586,14.83,22.18
DTW_MEM,961,14.82,19.15
IAD_DEN,3511,14.82,19.54
MIA_CVG,1039,14.81,22.23
PHX_SAT,2557,14.81,21.43
ORD_SAV,1169,14.81,20.53
LAS_OMA,1085,14.81,21.29
MAF_DFW,2885,14.8,18.06
DEN_TUS,2810,14.8,22.17
CMH_CLT,1964,14.8,17.87
ORD_LIT,1198,14.8,24.21
MCO_MDW,2734,14.79,23.41
AUS_RDU,754,14.79,19.76
MLB_ATL,1389,14.78,14.25
BOS_MSP,1851,14.78,19.45
ATL_MSY,4242,14.77,21.45
KOA_SFO,808,14.76,13.74
DAL_IND,663,14.76,22.47
IND_FLL,1069,14.75,16.28
CLT_EYW,1203,14.74,19.29
ATL_ONT,915,14.73,21.53
TPA_FLL,1203,14.73,19.29
STS_LAX,692,14.73,20.81
STL_DTW,1786,14.72,14.22
PHX_TUL,1263,14.72,21.38
DTW_MSP,2037,14.71,20.77
LGA_MYR,637,14.71,20.09
CLT_GPT,930,14.71,18.6
MLI_DFW,858,14.71,17.02
RSW_CLE,915,14.7,18.03
MKE_MSP,1360,14.7,15.96
BNA_MCI,1349,14.7,21.57
IAD_MIA,581,14.7,18.59
SEA_OAK,1886,14.7,26.14
BOS_SAV,1033,14.69,20.72
BDL_ATL,2260,14.69,18.23
BWI_AUS,1260,14.69,21.51
SEA_LIH,1076,14.68,22.4
RDM_DEN,718,14.68,19.92
BWI_SFO,880,14.68,20.45
CVG_SLC,784,14.67,19.9
ATL_RIC,2692,14.67,21.21
BUF_MCO,1876,14.67,18.71
PHL_LAX,2444,14.67,21.07
PIT_MCO,2132,14.66,19.98
SFO_LAX,10783,14.66,21.25
GEG_DEN,2002,14.66,18.23
MDW_TPA,1685,14.65,21.96
MDW_BWI,1882,14.65,19.93
PLN_DTW,634,14.65,14.35
BWI_PIT,1034,14.65,22.34
DAL_MSY,2267,14.64,21.7
CLT_PWM,691,14.62,20.84
TPA_MSP,1175,14.62,18.13
BOS_IAH,2010,14.62,20.85
IAD_BNA,965,14.62,19.38
DEN_BOI,2976,14.62,23.15
MSY_SFO,523,14.61,17.02
HOU_CRP,955,14.61,20.31
FAT_SAN,1353,14.61,23.43
DEN_SAF,1372,14.61,19.53
TPA_LAS,1140,14.6,18.07
MSP_RHI,708,14.6,11.58
ILM_CLT,2247,14.6,13.8
PSP_DEN,2077,14.59,19.35
RSW_MSP,1217,14.59,16.19
DEN_BZN,2691,14.59,22.3
LAX_HNL,5225,14.59,18.58
IAH_SEA,2066,14.59,23.04
DEN_BWI,3009,14.58,23.63
DAL_HOU,3994,14.57,21.93
SFO_PSP,2530,14.57,20.28
CHA_ATL,1506,14.56,13.41
MSP_CLT,2509,14.56,18.69
PHX_DRO,875,14.56,16.0
LSE_ORD,868,14.56,19.47
DAL_SAN,1557,14.55,22.8
BFL_SFO,699,14.55,17.45
DFW_GPT,1054,14.54,19.07
DTW_TPA,2337,14.54,20.11
OGG_SMF,500,14.54,18.6
EYW_DCA,543,14.54,21.55
LGB_DEN,1013,14.53,18.36
ORD_CHS,1779,14.53,20.91
DEN_IAD,3523,14.52,20.98
DTW_MIA,1747,14.51,21.29
DEN_LAX,7787,14.51,20.43
DTW_SAN,1266,14.51,22.67
BTR_ATL,953,14.51,14.8
LAS_SAT,2259,14.5,19.96
LAX_FLL,2084,14.5,20.11
BWI_PHX,1291,14.5,21.77
JAX_ATL,3980,14.49,15.25
PHX_SBP,1206,14.49,17.83
CLT_BHM,1969,14.49,18.49
ATL_TLH,1525,14.49,19.41
DFW_MLU,1045,14.46,19.71
ORD_HPN,1344,14.46,21.13
BOS_SLC,1228,14.46,20.03
SMF_SAN,5016,14.45,23.09
MDW_MSP,2693,14.45,19.9
IAH_FLL,2695,14.45,18.44
MEM_PHX,587,14.44,18.91
DFW_TXK,700,14.43,20.86
BNA_IAH,1308,14.43,14.91
CLT_JAX,2103,14.42,20.11
CLT_LAS,2295,14.42,20.04
BNA_FLL,2104,14.42,20.87
STL_BWI,1289,14.41,19.78
DTW_MDW,1788,14.41,20.69
MCO_MSY,2282,14.4,21.43
FLL_BWI,3217,14.4,20.14
SEA_PHL,1090,14.4,21.01
IND_LAX,734,14.4,18.39
OGG_SEA,1760,14.4,20.85
AUS_LAX,3947,14.4,17.99
MDW_SAT,726,14.39,19.42
CLT_MSY,1940,14.39,20.62
PBI_BDL,565,14.38,18.41
MSY_TPA,1070,14.38,18.41
LAX_SBP,647,14.38,14.06
CLT_ATL,4659,14.38,18.01
CMH_MIA,1043,14.37,19.65
IAH_SLC,1970,14.37,17.01
SLC_AUS,1701,14.37,22.1
SFO_EUG,986,14.36,17.55
SAN_FAT,1361,14.36,24.54
LAS_OAK,3867,14.35,23.84
TPA_BWI,2717,14.35,19.4
ABQ_PHX,3360,14.34,16.61
MCO_PIT,2132,14.34,20.36
DEN_EGE,1323,14.34,21.32
MDW_FLL,1125,14.34,22.67
DFW_GCK,703,14.34,23.19
TUS_SFO,1014,14.34,18.34
PIT_RSW,598,14.33,18.23
AGS_ATL,916,14.33,16.48
BUR_DEN,2370,14.32,19.54
JFK_STT,508,14.32,13.58
MSY_DEN,2248,14.32,18.91
BWI_LAS,2000,14.31,21.0
CMH_MSP,798,14.3,18.05
TPA_DAL,1269,14.3,20.25
TPA_DTW,2339,14.3,17.53
CLT_PIT,1899,14.3,21.7
CMH_RSW,630,14.3,19.21
SEA_IND,528,14.3,29.73
DEN_STL,3650,14.29,20.96
STL_AUS,959,14.29,20.65
SGU_DFW,566,14.29,17.14
LAS_TUL,759,14.28,20.69
SAN_SEA,4408,14.28,18.51
LAS_GRR,541,14.27,22.92
AVL_ATL,1876,14.27,15.88
TPA_DEN,3088,14.27,18.98
PHX_GEG,1131,14.25,20.42
SBP_LAX,652,14.25,13.65
STL_RSW,978,14.24,22.49
DEN_MSO,1190,14.24,19.16
BWI_STL,1281,14.23,17.88
ROC_BWI,1084,14.23,17.71
AUS_TPA,1262,14.23,21.47
BWI_CLE,941,14.22,19.23
ATL_RDU,4562,14.22,19.05
DFW_GRK,1740,14.22,21.03
MKE_DTW,1343,14.22,14.89
SAT_MSP,877,14.21,13.34
SAN_MRY,672,14.21,25.0
LAS_MIA,1658,14.21,18.64
SFO_PHL,1814,14.2,14.88
MCO_MKE,1422,14.2,22.01
ATL_SAT,3040,14.2,21.97
DAL_ECP,653,14.19,22.97
MFE_IAH,685,14.19,14.31
RSW_PIT,609,14.19,17.24
ORD_MCW,585,14.19,22.22
IAH_PIT,631,14.19,21.39
ORD_FOD,603,14.18,19.57
OMA_CLT,996,14.18,16.67
PHX_BFL,1251,14.18,18.71
SEA_ATL,3211,14.18,18.13
SFO_BFL,696,14.18,20.11
MSN_MSP,1207,14.18,16.24
MSP_CID,503,14.18,17.5
DTW_BWI,2267,14.18,17.64
RDU_CLT,3259,14.18,16.91
ATL_OKC,1793,14.17,21.19
RDU_FLL,1215,14.16,18.93
AUS_MSY,2037,14.16,21.35
ATL_CAE,1836,14.16,18.68
EVV_DFW,939,14.16,17.04
PHX_OAK,1981,14.15,21.86
AUS_ECP,561,14.15,20.14
DAL_LAX,1499,14.14,23.55
CLE_FLL,1037,14.14,17.94
ORD_RSW,2875,14.14,18.64
GRR_LGA,813,14.14,21.28
MDW_SDF,987,14.13,21.07
CMH_MCO,2240,14.12,18.26
DAL_BNA,2405,14.12,21.83
BJI_MSP,726,14.11,12.95
SEA_AUS,2007,14.11,21.97
LAS_PHL,1673,14.1,18.29
MSP_INL,650,14.1,12.92
AUS_SEA,2002,14.1,17.08
FAT_LAS,1794,14.09,18.06
PHX_PSP,1601,14.09,19.74
BWI_HOU,1429,14.09,21.48
LAS_MCO,1599,14.09,19.45
MCO_BWI,4779,14.08,19.56
RSW_CMH,637,14.08,21.19
PHX_IAH,3006,14.08,15.7
SAN_ABQ,647,14.07,22.57
CRP_DFW,2360,14.07,17.2
PHX_AUS,3304,14.07,20.55
LAX_STS,688,14.06,14.39
IAD_FLL,749,14.06,18.02
SFB_ABE,655,14.05,18.63
MCO_FLL,1269,14.04,21.04
EWR_BTV,699,14.04,17.88
PHX_HOU,2106,14.03,22.32
DEN_BIL,1771,14.03,22.36
MDW_PVD,636,14.02,20.6
CMH_FLL,1004,14.02,19.72
DEN_SBA,1018,14.02,23.38
MCO_SLC,1520,14.02,16.78
OAK_SAN,3219,14.0,24.39
MCI_MCO,1541,14.0,18.69
DEN_PSP,2088,14.0,20.64
LAS_ABQ,1771,14.0,23.72
AUS_BNA,2978,14.0,20.65
AUS_HRL,779,14.0,22.46
BNA_JAX,1053,14.0,20.04
MSP_CLE,791,13.98,18.33
OKC_ATL,1785,13.97,13.73
MDW_BUF,728,13.97,23.35
SAV_BNA,740,13.96,18.65
BNA_SFO,977,13.96,20.68
AUS_ATL,4452,13.96,17.52
RAP_DFW,956,13.95,16.53
MCO_SYR,747,13.95,19.68
MDW_SEA,586,13.94,29.18
CLT_LIT,1200,13.94,20.67
MDW_ATL,3507,13.93,18.48
SEA_LAS,5777,13.93,22.31
SFO_SLC,3515,13.92,18.46
SNA_SLC,1725,13.92,14.32
IAD_IND,1074,13.92,17.5
SMF_HNL,726,13.91,17.22
BWI_BUF,1656,13.91,22.77
BNA_DTW,2454,13.91,17.69
DAL_ELP,1746,13.9,22.62
PHX_IND,1498,13.9,22.3
MDW_GRR,867,13.9,20.88
BWI_MHT,1584,13.9,19.07
ABQ_DEN,3105,13.9,18.81
STL_LAS,2001,13.9,19.39
CLE_IAD,932,13.89,14.38
HNL_LAX,5226,13.89,16.07
OAK_OGG,677,13.89,12.56
SEA_ANC,6748,13.89,23.71
AUS_LAS,2940,13.89,22.52
DTW_CMH,1331,13.88,13.97
SDF_EWR,860,13.88,16.4
MDW_SJC,541,13.88,22.37
FLL_LAX,2097,13.88,18.36
DLH_MSP,1115,13.88,13.72
MRY_PHX,1399,13.88,16.08
EYW_MIA,1319,13.87,18.5
DFW_SNA,2838,13.86,22.09
PIT_DTW,1030,13.85,18.83
SFO_SEA,6813,13.85,23.19
LAS_IND,1402,13.85,19.54
TUS_PHX,3211,13.85,14.73
IAD_MSP,846,13.84,12.88
JAX_IAD,676,13.84,12.87
PHX_OMA,1973,13.83,20.93
ATL_CLE,3292,13.83,19.38
MSP_ABR,748,13.82,9.89
DFW_MAF,2882,13.82,20.09
LAS_CLT,2292,13.81,13.39
LGA_MKE,579,13.81,17.1
HOU_DEN,2332,13.81,21.53
AMA_DFW,2335,13.8,16.36
AUS_HOU,1461,13.8,24.16
SAT_SLC,988,13.8,16.4
ATL_MYR,1466,13.8,21.62
ICT_ATL,1125,13.8,13.6
FLL_DEN,1608,13.79,17.23
SMF_ORD,1185,13.79,22.28
TPA_AUS,1272,13.79,20.05
MSP_BDL,825,13.78,18.06
MSP_CVG,847,13.78,20.43
BNA_SEA,1398,13.78,23.61
PHX_LAS,6249,13.78,20.28
FLL_MCI,563,13.78,15.63
STL_MCO,2343,13.78,20.23
LAS_DAL,2876,13.77,23.05
LAX_IND,729,13.77,16.05
DTW_MCI,1346,13.77,17.68
MSP_HIB,612,13.75,16.01
MCO_ISP,1478,13.75,21.72
ATL_TUS,790,13.74,17.72
RNO_DEN,2661,13.74,17.44
MSP_GRR,1140,13.74,18.68
ATL_JAN,2078,13.73,17.61
TLH_MIA,1174,13.73,16.44
ABE_SFB,653,13.72,16.23
SAT_MCO,1119,13.72,16.18
DFW_COU,1129,13.71,21.35
MSP_SFO,1889,13.71,20.38
BIL_DFW,717,13.71,18.55
MKE_MCO,1414,13.71,18.95
BWI_SDF,857,13.7,20.89
TPA_PHX,1208,13.7,18.05
LAS_TUS,1330,13.7,21.88
TRI_DFW,592,13.69,15.71
PHX_RDU,695,13.69,22.59
TUL_IAH,1079,13.69,14.83
SNA_DEN,3700,13.68,19.22
SAN_MDW,989,13.68,20.73
MSN_CLT,1037,13.67,15.43
BWI_SAN,966,13.67,23.6
DTW_APN,596,13.67,13.09
MSP_GRB,718,13.66,16.3
PHX_BNA,2365,13.66,21.01
BNA_RSW,675,13.66,20.59
COS_DAL,877,13.65,17.9
BFL_PHX,1255,13.65,16.02
LAS_LAX,8688,13.65,19.82
SNA_LAS,4391,13.64,18.65
LAS_SBA,846,13.64,24.0
DAB_CLT,1370,13.64,14.31
DAL_ABQ,1649,13.64,21.83
PDX_DEN,4404,13.63,20.64
SAN_STS,744,13.62,23.12
JFK_SLC,1931,13.62,20.87
PBI_BWI,1261,13.61,16.26
BWI_LAX,1697,13.61,20.27
SMF_PHX,3649,13.61,16.36
PHX_CID,741,13.61,19.16
MDW_PHX,2807,13.6,20.95
SAT_DEN,2940,13.59,17.86
LAS_ONT,2537,13.59,21.72
DEN_MSN,1019,13.59,21.88
SAV_CLT,2569,13.58,15.18
PHX_OKC,1877,13.58,20.35
BTR_CLT,749,13.58,15.89
ORD_LAN,702,13.58,24.07
SJU_TPA,1436,13.58,17.69
SDF_DTW,1160,13.58,15.26
OAK_DEN,1689,13.56,22.97
AUS_SMF,545,13.56,23.67
PWM_BWI,1317,13.56,17.24
FLL_TPA,1219,13.56,18.79
EWR_STL,951,13.56,16.4
JFK_SAN,2348,13.55,21.72
BNA_SRQ,638,13.55,20.69
DAL_PHX,2894,13.55,21.18
LAS_DSM,588,13.55,22.96
BNA_MKE,944,13.55,19.7
EWR_ROC,569,13.55,19.86
ATL_BOI,504,13.54,22.22
IAD_IAH,1918,13.54,18.04
GRR_MSP,1138,13.53,17.14
BNA_MYR,609,13.53,19.7
LAS_CMH,1047,13.53,20.53
COS_LAS,864,13.53,21.06
CLT_LAX,2492,13.53,21.71
SAN_SAT,656,13.52,22.41
BOS_SAN,1658,13.52,21.29
ATL_DAL,3411,13.52,19.06
MOT_MSP,1347,13.52,15.89
LEX_DTW,786,13.51,15.01
LAX_DEN,7765,13.51,18.16
SAV_BWI,963,13.5,22.43
IND_DAL,664,13.5,19.73
PHX_MKE,1470,13.49,22.04
SAN_RNO,1118,13.48,22.18
BTV_IAD,519,13.48,14.84
MDW_DAL,2172,13.46,20.72
MKE_LGA,581,13.46,13.77
FLL_IAH,2693,13.46,17.01
ATL_MLB,1385,13.46,18.63
PHX_MRY,1391,13.46,19.12
MYR_DTW,555,13.45,15.5
BNA_MCO,3224,13.45,18.83
IAH_SFO,3417,13.44,17.76
TUL_PHX,1258,13.44,16.53
IAH_SMF,663,13.44,19.31
IND_MCO,2339,13.43,16.8
HNL_SAN,1591,13.43,21.06
MEM_MCO,821,13.43,17.17
BWI_PWM,1314,13.43,20.62
LAS_TPA,1134,13.43,21.34
SFO_ATL,3257,13.42,17.13
SLC_BOS,1228,13.42,19.14
MCO_PSE,584,13.41,19.52
LAS_BOI,1437,13.41,22.89
PHX_SGU,862,13.4,17.52
IAD_SAN,1425,13.39,19.58
SNA_PHX,4408,13.39,16.88
BWI_IND,1204,13.39,21.18
SFO_IAD,2806,13.39,18.39
LGA_TYS,602,13.39,19.93
MDW_DTW,1789,13.38,18.95
TUS_DEN,2798,13.38,18.23
RSW_HPN,692,13.38,17.92
CLT_DTW,3670,13.38,17.68
SEA_KOA,1403,13.38,23.09
JFK_LAS,3895,13.38,20.51
DTW_AUS,1322,13.38,22.24
SFO_GEG,895,13.37,19.78
IAH_SAT,2380,13.37,18.03
OKC_CLT,795,13.37,14.09
DAL_SLC,659,13.37,20.79
MYR_ATL,1467,13.37,14.18
GRR_DEN,1248,13.36,17.31
AZO_ORD,587,13.35,17.55
MDW_BHM,542,13.35,22.14
SAN_MCO,837,13.34,23.18
BWI_ISP,1167,13.34,22.54
ATL_PDX,1570,13.34,20.32
STL_MCI,1011,13.33,21.46
DEN_RSW,1052,13.33,21.39
MDW_LAX,1352,13.32,22.49
IAH_RSW,784,13.32,19.39
IAD_PIT,1186,13.32,15.94
BOS_IND,1946,13.32,17.57
SLC_IAH,1961,13.32,16.06
JAX_CLT,2103,13.32,16.6
ORD_BMI,595,13.3,22.18
SAN_DAL,1541,13.29,22.06
PIT_DEN,1759,13.29,18.25
BNA_PIT,1069,13.28,18.62
MCO_ACY,757,13.28,18.23
ONT_IAH,534,13.28,15.36
PDX_PHX,3831,13.28,17.83
DTW_BDL,1276,13.28,17.24
IAH_SAN,1649,13.27,18.62
TPA_SFO,643,13.27,17.88
FLL_STL,868,13.27,16.71
MCO_LAS,1591,13.26,19.48
OGG_SAN,708,13.25,22.88
BNA_RDU,2027,13.25,21.95
ATL_ILM,989,13.25,17.8
SEA_IAD,1900,13.25,19.68
EWR_GRR,768,13.25,16.8
BNA_SAT,949,13.23,20.44
DAL_SJC,561,13.23,21.39
IAD_AUS,1090,13.23,17.8
CLE_MSP,788,13.23,14.72
MCI_DAL,1982,13.22,18.72
ATL_BTR,956,13.22,16.63
MEM_IAH,938,13.2,16.42
SFO_SMF,1328,13.19,18.15
BUR_LAS,4295,13.19,18.25
IAH_SJU,1024,13.19,18.36
SJC_DEN,2900,13.18,18.86
DFW_HRL,1535,13.18,17.39
BUR_PHX,3098,13.18,14.62
TUS_SAN,622,13.17,18.01
TPA_IND,1157,13.17,18.24
MYR_BWI,1018,13.17,16.9
DFW_CMI,715,13.15,15.94
ORF_MDW,572,13.15,18.18
LAX_AUS,3939,13.14,16.68
PHX_ATL,3726,13.14,15.57
BHM_MCO,775,13.14,19.35
ABI_DFW,1713,13.14,16.87
ORD_GSO,1172,13.14,18.52
TPA_MCI,642,13.14,18.54
FLL_BNA,2096,13.14,20.66
LAS_SMF,5024,13.12,19.11
SFO_FLL,1257,13.11,15.12
BNA_AUS,2999,13.1,18.57
GRK_DFW,1736,13.1,19.01
CVG_BWI,699,13.1,18.88
ABQ_SFO,679,13.09,14.43
HOU_JAN,727,13.09,21.46
SEA_IAH,2060,13.09,21.21
PVD_MDW,629,13.08,14.15
CMH_LAS,1051,13.08,19.79
LAS_COS,857,13.07,22.29
DTW_LAX,2672,13.06,19.01
CLT_AVP,930,13.06,17.53
MDW_MEM,639,13.05,20.97
ORD_SJU,1257,13.05,21.48
MSP_DTW,2043,13.05,16.4
DAL_BHM,947,13.04,21.12
MSY_DTW,885,13.04,15.93
MSP_ATL,3520,13.04,16.73
ATL_GRR,1402,13.04,15.76
MSP_FLL,687,13.04,18.2
MCI_LAX,1124,13.04,17.53
MDW_SLC,635,13.04,21.57
TYS_ATL,1614,13.03,13.88
STL_DAL,1938,13.02,20.02
ATL_BUF,1345,13.02,20.0
ABQ_ATL,982,13.01,11.41
LEX_DFW,1184,13.01,18.41
DEN_ANC,562,13.0,23.67
DTW_STL,1785,13.0,18.71
CVG_JFK,713,12.99,14.73
MSP_SAN,1294,12.98,22.57
SEA_BNA,1401,12.98,23.98
BWI_RDU,1779,12.98,18.49
MDW_LAS,2567,12.98,20.41
IAH_LAS,3551,12.97,17.83
DAL_AUS,2310,12.96,19.0
BWI_CVG,705,12.96,19.15
SDF_DEN,1032,12.96,18.12
MCI_BWI,788,12.96,19.04
LAX_SBA,653,12.96,11.49
MCI_MIA,617,12.95,16.86
DEN_FCA,1156,12.95,18.94
AUS_MCI,856,12.94,21.61
DEN_EAR,616,12.93,18.51
AUS_DAL,2296,12.93,18.51
BOI_PHX,2053,12.93,15.54
LAS_MSY,948,12.93,21.84
MOB_ATL,547,12.93,17.18
IAH_IND,718,12.92,19.22
ATL_SEA,3204,12.91,20.1
SLC_MIA,703,12.88,18.35
IAH_MSY,3066,12.87,17.32
HOU_MCO,1924,12.87,18.97
PBI_CLT,1887,12.86,14.52
TYS_DEN,932,12.86,15.67
IAH_RDU,818,12.85,17.48
BFL_DEN,724,12.85,13.54
MDW_SMF,620,12.85,22.74
CLT_BTV,576,12.85,22.57
RSW_CLT,1897,12.84,14.29
LAS_PSP,713,12.84,23.84
SJC_LAS,4301,12.84,18.97
MCO_CLE,1866,12.83,18.7
ATL_CMH,3224,12.83,20.66
MSP_RDU,1215,12.83,19.09
PDX_SFO,3533,12.83,19.95
SYR_EWR,549,12.82,17.67
SFO_BOI,1522,12.82,19.19
MSP_MSN,1208,12.82,16.97
LAX_JAC,639,12.82,18.15
ATL_TUL,1515,12.82,18.02
BDL_MSP,821,12.8,15.71
ATL_MSP,3530,12.8,19.58
IAH_IAD,1919,12.79,19.18
SLC_MCI,994,12.79,15.29
AUS_SLC,1706,12.79,16.35
OAK_DAL,553,12.78,19.89
MKE_LAS,1133,12.78,18.01
PHX_MSP,3221,12.77,15.34
ATL_BNA,4029,12.77,19.11
ELP_ORD,741,12.77,18.22
SDF_LGA,1330,12.77,17.22
PIT_IAH,627,12.76,16.91
ORD_BHM,781,12.76,18.82
MDW_CMH,1250,12.75,18.48
LAS_ELP,1286,12.74,21.31
IAD_CLE,925,12.74,14.49
DFW_MHK,1042,12.74,20.35
CLT_MSP,2506,12.74,18.72
PIT_CLT,1895,12.74,16.41
EWR_MKE,757,12.73,17.7
BNA_BWI,1861,12.73,19.34
BWI_ORF,1516,12.73,20.38
MSP_MKE,1360,12.73,17.35
HNL_SFO,2287,12.73,16.62
SAT_PHX,2556,12.72,15.1
SBA_DEN,1015,12.72,18.33
RSW_IAH,782,12.72,15.86
CHS_IAD,706,12.71,12.89
SJC_SAN,5188,12.71,22.15
DAL_AMA,1241,12.7,19.26
MDW_MCO,2725,12.7,19.16
STL_MSY,722,12.7,17.04
RNO_LAS,3796,12.7,17.7
BUF_ATL,1344,12.69,18.23
RSW_STL,977,12.69,18.32
TUS_LAS,1331,12.68,15.4
MCO_HOU,1928,12.68,20.07
AUS_SFO,2620,12.68,18.02
TPA_MSY,1071,12.66,17.55
DAL_MCI,1987,12.65,20.18
BNA_DAL,2401,12.65,18.62
LAS_MDW,2592,12.65,19.71
LAS_SEA,5766,12.64,17.98
CMH_DTW,1334,12.64,13.12
SAN_OAK,3206,12.64,21.96
IND_SFO,506,12.64,17.19
MSY_CLT,1938,12.63,16.25
DTW_IAH,2192,12.63,18.02
ECP_DAL,645,12.62,15.35
SEA_JNU,1550,12.62,24.9
AUS_BWI,1255,12.61,20.32
PHX_MCI,2385,12.61,19.92
STL_SAT,554,12.61,16.97
ATL_SMF,986,12.61,18.15
LAS_STL,2003,12.6,20.17
HOU_ATL,2968,12.6,16.64
LAS_PDX,3339,12.6,19.14
ATL_MSN,993,12.6,17.22
ATL_SYR,1073,12.6,22.46
ATL_CVG,2908,12.6,17.98
LAS_RDU,737,12.59,21.98
CLT_PHX,2901,12.59,18.99
RNO_PHX,2374,12.59,13.18
HOU_AUS,1462,12.59,22.16
PDX_LAS,3339,12.58,17.7
GEG_SFO,894,12.58,18.79
IND_IAH,718,12.57,16.85
IND_DTW,646,12.57,14.24
DEN_FAT,1452,12.57,19.83
RSW_BWI,1414,12.56,17.19
HOU_PHX,2128,12.56,19.97
IAH_PDX,1071,12.56,17.37
DAL_TUL,1042,12.55,18.43
PIT_JFK,1752,12.55,14.61
MSY_DAL,2257,12.55,19.67
ATL_ELP,707,12.54,21.64
ORF_JFK,671,12.54,14.61
HNL_JFK,654,12.53,19.57
MSP_GFK,591,12.53,16.41
SJU_CLT,997,12.53,16.25
RSW_DEN,1048,12.53,18.99
PHX_BUR,3089,12.52,20.33
PHX_STS,646,12.52,19.04
ISP_BWI,1177,12.52,14.27
LAS_ATL,4827,12.52,15.21
MDW_PIT,1124,12.52,17.97
SEA_PHX,7260,12.51,19.92
TPA_CMH,905,12.51,18.12
OAK_PHX,1982,12.51,19.22
DCA_EYW,548,12.5,23.72
AUS_MDW,1349,12.5,18.38
DFW_ABI,1713,12.5,22.12
SAN_SMF,5024,12.49,21.89
IND_BWI,1200,12.49,16.5
TUS_ATL,792,12.48,7.2
LAS_MKE,1145,12.48,20.0
SAN_SJC,5188,12.48,20.57
BHM_DEN,1079,12.48,15.76
CLE_DEN,1815,12.47,18.02
MDW_BDL,742,12.46,19.68
SFO_BUR,2983,12.46,16.63
MCI_HOU,979,12.46,18.49
GPT_ATL,1268,12.46,11.04
BOI_LAS,1440,12.45,18.96
BWI_BDL,1717,12.45,18.46
LAS_BWI,2004,12.44,19.51
JNU_SEA,1545,12.44,18.19
LAX_PHX,7552,12.44,16.34
SAN_HOU,865,12.43,23.12
CLT_RSW,1899,12.43,20.8
DAL_LAS,2879,12.43,19.45
SFO_BNA,980,12.43,22.76
HNL_PHX,1306,12.43,13.71
MSP_TPA,1175,12.42,18.81
LAS_SJC,4313,12.42,18.5
BWI_BNA,1850,12.42,18.22
BNA_MSY,1565,12.42,18.85
PDX_OAK,1322,12.42,20.73
MCI_MDW,2076,12.41,19.22
HOU_MCI,977,12.41,19.65
PIT_MDW,1131,12.41,19.01
COS_PHX,987,12.41,17.73
AUS_ABQ,826,12.4,21.91
AUS_SJC,1183,12.4,20.54
GRR_MDW,866,12.39,22.06
STL_TPA,1157,12.39,19.53
ABQ_AUS,823,12.39,17.98
ATL_COS,532,12.39,20.3
PNS_IAH,580,12.38,13.62
MDW_SAN,995,12.38,21.31
TPA_HOU,977,12.38,15.76
SRQ_BWI,1289,12.37,15.9
MDW_AUS,1355,12.37,21.48
MDW_RSW,1148,12.37,19.86
DFW_AMA,2332,12.36,18.4
MDW_RDU,981,12.36,16.62
SAT_IAH,2374,12.36,17.14
PHX_ONT,3136,12.36,19.58
ATL_HOU,2988,12.36,19.31
TPA_IAH,1786,12.35,14.61
DFW_SGF,3003,12.34,20.11
JAN_ATL,2086,12.34,12.8
SJU_ORD,1243,12.34,19.23
FAR_DFW,1061,12.34,14.99
PHX_ELP,2607,12.34,18.6
MDW_CLE,1104,12.34,18.3
DFW_FWA,1059,12.33,19.07
TPA_BDL,835,12.32,16.77
VPS_ATL,2267,12.32,12.7
ELP_PHX,2605,12.31,16.78
GPT_DFW,1052,12.31,15.4
RDU_BNA,2024,12.31,17.89
DFW_BRO,1501,12.3,20.05
EWR_SYR,517,12.3,18.38
MIA_BHM,816,12.28,17.03
MIA_STT,856,12.28,19.16
SAN_BNA,921,12.28,20.96
FAT_SEA,997,12.28,22.27
SFO_AUS,2613,12.28,18.64
SLC_PHX,5683,12.27,16.03
MSP_BOI,772,12.27,18.13
ATL_TYS,1604,12.27,18.08
CMH_JFK,1703,12.27,15.91
HOU_SAN,885,12.26,21.92
MRY_SFO,676,12.26,15.24
PNS_MIA,1222,12.24,15.88
SEA_FAI,2371,12.23,22.31
LAS_MCI,1909,12.23,20.38
MCI_DTW,1343,12.23,11.39
ORD_SNA,2235,12.22,19.91
ATL_GPT,1265,12.22,16.6
LAS_RNO,3791,12.21,19.05
IND_LGA,2379,12.2,16.48
STL_MIA,1049,12.2,17.83
JNU_ANC,1195,12.2,14.14
MEM_LAS,703,12.19,17.07
LAX_MSY,1785,12.18,15.63
MSY_BNA,1570,12.18,18.28
GNV_ATL,1524,12.16,12.07
MRY_SAN,677,12.16,18.32
ATL_AVL,1869,12.16,17.87
CMH_IAD,1081,12.16,15.73
BUF_DEN,595,12.15,21.01
DTW_SAT,942,12.14,19.11
IDA_SLC,1138,12.14,9.75
SLC_MCO,1511,12.14,19.32
ATL_IND,3264,12.14,17.22
BNA_CHS,925,12.14,19.24
IAH_LAX,5375,12.14,15.94
LAS_HOU,2050,12.13,21.37
ATL_MDT,952,12.13,16.6
BLI_SEA,1334,12.13,18.14
MSP_MOT,1347,12.12,15.66
SLC_STL,964,12.12,17.32
FLL_SFO,1254,12.12,17.3
ATL_BHM,3067,12.12,16.76
BDL_DTW,1283,12.11,11.46
PHX_PDX,3845,12.11,18.21
SMF_DEN,3889,12.11,19.23
MSP_IND,1122,12.1,16.49
LAS_BUR,4278,12.1,18.96
STL_LIT,671,12.1,17.14
ATL_DAY,1381,12.1,15.93
GEG_MSP,772,12.1,11.14
BWI_ALB,1616,12.1,19.37
PHX_PAE,598,12.09,15.05
DTW_LAS,3068,12.09,19.78
DAL_MAF,1356,12.09,17.55
LAS_BZN,611,12.09,20.29
CLT_SLC,873,12.08,21.65
DTW_BNA,2445,12.08,18.53
STL_TUL,669,12.07,16.59
LAX_TPA,1023,12.07,15.84
CLT_SGF,1244,12.07,20.66
STL_MKE,668,12.07,15.87
SMF_LAS,5019,12.06,17.87
BWI_SLC,761,12.06,18.79
CVG_IAH,567,12.05,14.11
DFW_EVV,944,12.04,18.64
BDL_BWI,1722,12.02,16.72
ATL_MEM,3242,12.01,17.15
CLT_SAN,1576,12.0,20.18
ECP_ATL,2271,12.0,14.93
MCO_ROC,573,12.0,17.63
HOU_MDW,1805,11.98,19.61
STT_CLT,554,11.97,12.45
OMA_PHX,1969,11.97,15.69
DAB_ATL,1552,11.97,13.14
ILM_DFW,705,11.96,17.87
RSW_ATL,2879,11.96,13.75
CLE_RSW,914,11.96,16.96
TLH_ATL,1528,11.95,12.3
HPN_RSW,691,11.95,17.51
SLC_SEA,4085,11.95,20.24
SMF_DAL,652,11.94,21.01
MDW_HOU,1810,11.94,22.21
EWR_SAT,505,11.94,17.62
DEN_LBL,606,11.94,17.0
OKC_LAS,1215,11.93,16.63
LAS_SLC,3772,11.93,16.94
MCI_LAS,1923,11.91,16.9
CHS_BNA,926,11.91,17.71
PHX_ABQ,3366,11.9,17.88
PHX_BOI,2058,11.89,18.42
SYR_DTW,565,11.89,13.45
ABQ_LAS,1773,11.89,16.41
HOU_MEM,787,11.88,21.22
SFO_SBA,1472,11.88,15.96
ATL_SDF,2653,11.88,15.76
SAN_OGG,708,11.87,16.53
HOU_BWI,1435,11.87,19.44
DFW_BIL,717,11.87,21.62
MSY_ATL,4241,11.87,16.46
PHL_EYW,520,11.86,15.77
ATL_GSO,2639,11.86,16.75
AVP_CLT,937,11.86,12.49
ATL_SRQ,2270,11.85,19.12
HOU_BNA,1759,11.84,18.7
SAN_MSP,1294,11.83,13.21
PHX_SNA,4422,11.83,18.43
MSY_IAH,3056,11.83,15.54
SDF_MCO,898,11.83,15.59
SJU_BWI,1239,11.83,19.37
HRL_AUS,778,11.82,16.2
OMA_MDW,1371,11.82,16.48
RSW_MDW,1148,11.82,18.82
MCI_AUS,854,11.82,18.74
PIT_EWR,1881,11.82,15.36
PVD_BWI,1837,11.81,14.97
PVD_ATL,1005,11.8,17.01
COS_ATL,530,11.79,11.89
SDF_BWI,860,11.78,15.0
MSP_FAR,1320,11.77,15.76
DTW_MSY,889,11.77,18.34
LGB_LAS,2287,11.77,18.76
DTW_SEA,1986,11.76,19.69
MDW_BNA,1878,11.75,16.67
LAS_OGG,757,11.74,17.04
STL_MDW,1717,11.74,17.82
CMH_TPA,910,11.74,16.81
SJU_ATL,2075,11.74,13.73
PSP_LAS,719,11.73,17.11
BNA_SAN,925,11.72,19.68
DFW_RAP,960,11.71,19.38
DAL_SAT,2743,11.71,18.05
BWI_RIC,718,11.69,20.19
ORD_ANC,755,11.69,23.18
ATL_SLC,2934,11.69,16.97
MDT_CLT,681,11.69,12.04
RDU_AUS,753,11.68,17.13
LBB_DAL,1589,11.68,13.34
ATL_MCI,3242,11.68,18.35
RDM_SEA,1889,11.67,14.19
FSM_DFW,1139,11.67,16.15
CLT_ECP,1102,11.67,16.79
ATL_LEX,2053,11.67,17.34
LAS_CLE,1010,11.66,17.82
JAC_SLC,1175,11.66,13.53
MSY_HOU,2249,11.66,18.1
ORF_BWI,1501,11.65,16.12
DAL_LGB,674,11.65,20.33
DFW_CLL,1185,11.64,16.37
MYR_BNA,608,11.64,17.76
CMH_ATL,3225,11.63,14.51
PHX_COS,986,11.63,19.47
LAX_SAT,2024,11.63,13.93
MSP_MDW,2693,11.63,16.75
HOU_OKC,1303,11.62,18.8
SAT_HOU,1547,11.62,19.72
BNA_STL,1252,11.61,18.61
SFO_MSY,522,11.61,15.71
SEA_GEG,5303,11.6,20.37
SFO_DTW,1788,11.6,17.17
STL_BNA,1250,11.58,17.44
RDU_DTW,1563,11.57,12.28
SFO_RNO,1745,11.57,16.39
DAL_LBB,1595,11.57,19.31
DFW_GJT,935,11.56,18.72
BNA_ECP,1055,11.56,17.91
RDU_ATL,4560,11.56,12.94
SAT_SAN,619,11.55,18.74
PHX_SJC,3027,11.55,17.71
PHX_RNO,2375,11.54,17.81
SEA_CVG,754,11.54,18.57
MSP_SDF,539,11.54,14.29
JAX_BWI,1375,11.53,15.2
MSP_PDX,1399,11.53,18.01
SLC_SNA,1720,11.53,15.47
BQN_JFK,562,11.53,12.99
CHS_FLL,532,11.52,16.54
KTN_SEA,1258,11.51,15.18
PBI_ATL,3773,11.51,16.75
BDL_DEN,1051,11.51,15.7
RSW_BNA,676,11.5,17.6
HNL_LAS,2029,11.5,17.05
ATL_CHS,3023,11.49,17.66
HNL_SLC,847,11.49,15.23
PSC_SFO,699,11.46,15.16
SEA_MCO,1814,11.44,21.0
MSY_BWI,1272,11.44,16.9
SAT_ATL,3059,11.44,14.68
SAT_MIA,550,11.44,15.45
MSP_GEG,771,11.43,17.51
ADQ_ANC,831,11.43,15.04
SEA_SAN,4391,11.43,21.45
ATL_STL,3579,11.42,17.04
BZN_SEA,1118,11.41,16.91
IAD_SLC,707,11.41,16.12
ONT_PHX,3134,11.41,15.32
MDW_MCI,2053,11.41,18.07
ATL_LIT,2234,11.41,16.65
IND_LAS,1406,11.41,17.57
MSP_BNA,1601,11.4,17.99
SEA_SAT,581,11.4,21.0
SLC_IAD,707,11.38,15.56
CLE_MDW,1103,11.36,16.41
CVG_ATL,2911,11.35,13.09
PHX_SLC,5688,11.33,15.38
MSP_BZN,786,11.33,19.21
OMA_DCA,626,11.33,17.57
LAS_FAT,1795,11.32,18.11
SLC_BWI,758,11.31,19.39
JAN_HOU,721,11.3,14.84
SLC_SAT,988,11.3,17.31
BNA_LAS,1987,11.3,18.02
LAS_LGB,2290,11.29,19.74
PHX_MDW,2808,11.29,19.02
PDX_ANC,880,11.29,20.68
STL_SEA,862,11.28,21.69
ELP_ATL,707,11.28,10.04
ATL_PIT,2764,11.27,16.46
RDU_MDW,1002,11.27,16.67
CAE_ATL,1839,11.27,11.96
PIT_BNA,1058,11.27,16.35
DAL_STL,1949,11.27,17.5
MFR_PHX,736,11.26,11.28
ATL_PNS,2650,11.25,17.25
FLL_CHS,529,11.25,15.31
LAS_SNA,4383,11.24,17.48
SFO_MIA,1624,11.24,16.19
DTW_IND,646,11.24,15.02
ATL_HSV,2311,11.22,16.01
RDU_BWI,1759,11.22,14.1
PHX_MIA,1777,11.22,15.76
DEN_SNA,3685,11.21,20.57
CLE_ATL,3284,11.21,14.07
SEA_TPA,991,11.21,23.61
ANC_ORD,750,11.2,17.47
PHX_HNL,1313,11.16,12.19
MSY_LAS,970,11.16,17.32
STL_HOU,1524,11.16,18.37
IND_IAD,1073,11.15,14.35
STL_OMA,809,11.15,19.65
RHI_MSP,708,11.14,8.9
LIH_LAX,1447,11.14,16.31
PHX_MCO,1745,11.14,19.43
ATL_ECP,2263,11.14,16.66
SEA_FLL,851,11.13,19.86
LAS_PIT,841,11.13,19.86
PDX_AUS,514,11.12,19.26
BNA_HOU,1746,11.12,19.87
ATL_SAV,2834,11.12,17.61
OAK_SEA,1869,11.11,20.49
OAK_LAS,3850,11.11,17.64
BUF_MDW,726,11.11,16.53
HOU_ABQ,957,11.1,16.72
JAX_DEN,941,11.09,14.35
HOU_LAX,1201,11.09,18.65
DAY_ATL,1378,11.09,10.74
EWR_SNA,1045,11.06,16.08
SEA_OGG,1769,11.04,18.49
XNA_PHX,729,11.03,15.5
RDU_SFO,878,11.03,15.38
SMF_PDX,1904,11.02,17.44
MCI_ATL,3247,11.01,12.38
SFO_SNA,4573,11.0,17.32
DFW_MLI,862,11.0,17.52
PHX_SEA,7281,10.99,17.02
STL_JAX,572,10.99,19.23
ATL_DSM,1226,10.97,14.85
HOU_LAS,2074,10.97,18.42
DFW_CRP,2363,10.97,17.56
PIT_RDU,693,10.97,14.14
ELP_LAS,1302,10.96,14.52
OGG_SJC,523,10.96,17.4
PHX_STL,2201,10.95,17.49
HOU_DAL,3973,10.95,17.04
BNA_ATL,4036,10.94,14.79
CMH_MDW,1256,10.94,15.92
HOU_TPA,974,10.94,17.04
SEA_MSY,648,10.94,22.84
ACY_MCO,758,10.93,13.19
SAT_BWI,806,10.93,15.38
GJT_DFW,928,10.93,17.78
SFO_RDM,1165,10.92,17.85
SEA_STL,865,10.91,23.01
HOU_HRL,1286,10.89,18.51
STL_OKC,686,10.88,19.68
SFO_HNL,2287,10.88,14.25
BDL_MDW,734,10.87,15.4
STL_DSM,670,10.87,18.66
AUS_ELP,1008,10.86,18.45
DEN_JMS,513,10.85,15.2
SEA_LAX,7301,10.85,15.81
AUS_STL,965,10.85,18.96
RDU_SEA,868,10.84,19.93
PDX_SMF,1922,10.83,16.96
RNO_SLC,1190,10.83,11.68
SDF_MSP,541,10.83,12.75
FLL_LAS,1009,10.82,18.24
HNL_SMF,727,10.82,18.71
MEM_DTW,960,10.81,11.77
ORF_IAD,610,10.81,11.8
FAR_MSP,1321,10.81,13.1
SFO_PSC,694,10.81,17.44
JAX_IAH,654,10.8,11.93
PHX_TUS,3207,10.79,15.31
AUS_LGB,537,10.78,18.81
SAT_LAS,2281,10.78,15.52
JFK_ORF,693,10.77,16.45
LIT_DAL,1010,10.77,15.45
LAS_MEM,708,10.77,14.12
SAT_LAX,2025,10.77,13.53
SMF_AUS,548,10.77,16.79
PDX_SJC,1690,10.76,17.22
LAX_DAL,1500,10.76,19.0
CLE_BNA,937,10.75,14.94
BDL_IAD,948,10.75,14.98
SAN_SLC,2649,10.75,15.82
PHX_DAL,2904,10.74,18.42
SAN_ATL,2475,10.74,15.27
ATL_DAB,1551,10.74,15.22
SEA_BWI,702,10.74,22.08
PHX_SMF,3681,10.74,17.31
SEA_SMF,4272,10.73,19.26
SJC_AUS,1170,10.73,18.38
HOU_MAF,1334,10.73,17.77
MKE_BWI,822,10.72,14.36
SEA_BUR,1551,10.72,21.28
PWM_IAD,748,10.72,14.57
PHX_PHL,2239,10.72,15.1
PDX_IAH,1068,10.72,13.3
LGB_AUS,538,10.71,15.8
GEG_ATL,500,10.71,14.2
FAI_SEA,2372,10.7,15.26
LAS_IAH,3533,10.7,14.52
PNS_BNA,923,10.69,12.89
LAX_IAH,5349,10.69,14.21
PIT_LAS,828,10.68,18.6
PDX_FAT,720,10.68,12.22
MSN_LGA,682,10.67,13.34
PIT_SFO,563,10.67,12.97
ATL_GSP,2788,10.66,16.68
ABQ_SAN,649,10.66,18.34
SEA_RDU,875,10.66,21.71
SRQ_BNA,634,10.63,12.78
ELP_SAT,897,10.63,13.49
OMA_IAH,681,10.62,13.07
SEA_ONT,2550,10.61,17.8
PHX_ICT,623,10.59,17.17
LAX_DTW,2671,10.58,14.83
SMF_BOI,917,10.56,18.32
LGB_RNO,734,10.55,16.08
SIT_JNU,703,10.55,13.23
OAK_BOI,662,10.55,17.67
SJC_DAL,563,10.55,15.28
PDX_JFK,888,10.55,17.45
SFO_MCO,1431,10.55,13.7
BUF_BWI,1657,10.55,13.46
ATL_GNV,1522,10.54,15.9
ATL_VPS,2263,10.53,15.11
SAN_IAD,1426,10.53,13.39
BNA_PNS,923,10.53,16.03
TPA_LAX,1021,10.52,14.89
JFK_CVG,715,10.52,17.48
GFK_MSP,593,10.52,14.84
SFO_PDX,3536,10.52,15.92
LAX_STL,1002,10.51,17.66
BUR_SEA,1544,10.51,18.26
MDW_OMA,1398,10.5,18.53
RDU_STL,632,10.5,13.92
SDF_MDW,978,10.5,14.72
SLC_SAN,2638,10.5,16.41
MSP_SMF,583,10.49,15.78
CVG_SEA,754,10.49,19.63
RDU_PIT,692,10.48,15.61
DTW_JAX,572,10.48,17.13
ICT_PHX,629,10.48,12.4
LAS_GEG,853,10.47,19.46
SJC_PHX,3039,10.47,15.4
STL_ATL,3609,10.46,13.55
LAX_SAN,2359,10.45,12.29
SMF_OGG,500,10.45,11.8
SDF_ATL,2655,10.45,11.45
MHT_BWI,1592,10.44,13.38
ALB_MDW,652,10.44,16.26
MEM_ATL,3244,10.43,11.84
MCI_SLC,997,10.43,13.24
SAN_BOI,933,10.43,18.65
PDX_SAN,1637,10.42,18.39
PIT_BWI,1057,10.42,14.19
OMA_LAS,1108,10.41,14.71
SLC_PHL,655,10.41,16.18
SBA_LAS,856,10.4,14.49
RNO_LGB,727,10.4,15.54
SAT_ELP,904,10.39,16.26
MCO_ORF,789,10.38,16.73
DTW_RDU,1564,10.38,14.77
BHM_DAL,943,10.37,15.91
SAN_IAH,1645,10.36,14.53
SEA_TUS,1064,10.35,18.61
ONT_SEA,2550,10.35,14.51
ANC_SEA,6741,10.34,14.79
GSP_BWI,684,10.33,14.47
SAT_DAL,2725,10.31,14.57
CLT_STT,558,10.31,16.13
HOU_STL,1517,10.31,15.03
MDW_ABQ,520,10.3,18.46
BHM_ATL,3070,10.29,10.07
STL_ICT,673,10.29,18.42
JAX_STL,572,10.29,12.06
IAD_BDL,955,10.29,16.44
ATL_ICT,1125,10.28,13.78
DFW_BMI,715,10.28,15.8
FLL_HOU,785,10.27,18.98
OGG_PDX,717,10.27,17.02
SJC_SEA,4409,10.27,15.72
LGB_PHX,1561,10.26,15.12
MCI_BNA,1346,10.25,15.3
AUS_IAD,1086,10.24,11.51
MDW_STL,1713,10.21,15.41
LAS_MSP,2332,10.21,14.62
OAK_PDX,1340,10.2,16.79
STL_RDU,637,10.2,16.48
SJU_IAD,576,10.2,14.58
BNA_MSP,1610,10.19,13.35
ATL_MKE,2236,10.19,16.23
ALB_BWI,1622,10.19,12.45
HHH_CLT,1087,10.18,13.16
CHS_BWI,1225,10.18,16.08
RIC_ATL,2701,10.18,13.33
SEA_BLI,1335,10.17,17.98
IND_ATL,3255,10.16,11.86
MKE_BNA,939,10.16,15.34
LAS_IAD,1247,10.16,12.83
ELP_DAL,1739,10.15,14.43
RDM_PHX,718,10.14,9.75
BNA_MDW,1864,10.14,16.85
DFW_LRD,1589,10.13,18.31
SFO_TUS,1015,10.12,15.17
OAK_GEG,514,10.12,19.26
MAF_HOU,1331,10.12,13.52
SLC_IDA,1137,10.1,12.75
GSO_ATL,2636,10.09,10.05
KOA_SEA,1401,10.09,13.85
DTW_SLC,1538,10.08,15.47
PHX_DCA,1055,10.08,17.06
BNA_CMH,967,10.08,17.48
MSP_SEA,2687,10.08,14.85
SEA_SJC,4410,10.08,18.05
IAD_RDU,1190,10.08,15.88
XNA_ATL,567,10.07,10.58
SAN_STL,510,10.07,18.82
PHX_PSC,678,10.07,12.54
PHX_IAD,1195,10.06,15.98
SEA_BZN,1126,10.04,18.47
SMF_GEG,681,10.03,16.74
FAT_DEN,1449,10.03,11.8
SMF_SEA,4282,10.01,17.56
BZN_LAX,589,10.01,9.34
ABQ_LAX,2131,10.01,11.78
LAX_MSP,2187,10.0,14.27
JAX_DTW,572,10.0,16.61
IND_AUS,865,10.0,15.84
SEA_MDW,586,10.0,19.62
LIH_SEA,1064,10.0,14.29
LAX_BNA,2106,9.97,13.34
OKC_HOU,1289,9.97,15.9
SRQ_ATL,2271,9.96,11.67
RDU_IAD,1185,9.95,10.3
GEG_SEA,5246,9.95,16.81
PHX_CLT,2907,9.94,12.35
BIL_SLC,1067,9.93,7.78
ILM_ATL,987,9.91,11.75
AMA_DAL,1249,9.89,13.05
CLE_STL,693,9.88,14.86
SJU_IAH,1018,9.88,13.26
HRL_HOU,1286,9.88,15.4
HOU_ELP,1042,9.87,16.51
BMI_DFW,712,9.85,12.92
TUL_HOU,717,9.83,13.67
PHX_YUM,1315,9.81,14.3
SAV_ATL,2836,9.79,12.31
PDX_ATL,1565,9.79,15.53
CMH_STL,659,9.78,14.11
SEA_RDM,1886,9.74,16.81
DFW_FSM,1141,9.74,15.95
SEA_MIA,1125,9.73,18.93
SEA_FAT,1000,9.72,16.8
BUR_SLC,1487,9.72,11.57
DFW_FAR,1067,9.71,16.49
SAT_BNA,931,9.66,13.75
LAS_BNA,2003,9.64,16.28
GRR_ATL,1401,9.63,10.92
LAX_MCI,1116,9.63,12.81
SUN_SLC,1078,9.62,5.47
MSP_MEM,766,9.62,16.84
PHX_LAX,7560,9.62,14.59
CVG_RSW,705,9.61,12.2
SEA_EUG,1988,9.61,17.4
PDX_SEA,5038,9.61,15.68
PHX_DSM,1094,9.59,16.82
BOI_SMF,916,9.59,13.97
SLC_ATL,2927,9.59,13.6
ATL_ABQ,979,9.58,16.65
SBA_LAX,660,9.57,10.76
MEM_MSP,769,9.54,11.57
ANC_BET,694,9.54,16.71
SLC_CVG,783,9.52,14.81
RDU_LAX,769,9.51,11.7
GEG_SMF,679,9.5,13.55
MSP_IAD,848,9.5,14.98
CHS_ATL,3019,9.5,10.77
MSP_LAX,2188,9.48,16.27
SMF_ATL,983,9.48,8.85
AUS_PDX,512,9.47,16.21
CRP_HOU,953,9.46,13.33
JFK_CLE,696,9.45,13.79
LIT_STL,674,9.45,13.2
ACY_FLL,540,9.45,12.41
ONT_SJC,1339,9.43,14.04
SAT_SFO,509,9.42,10.61
ABQ_SEA,563,9.41,20.07
PHX_MFR,732,9.4,15.03
LAX_KOA,1560,9.4,14.36
CMH_BNA,963,9.4,17.96
BHM_MDW,543,9.39,13.08
MCO_MHT,870,9.39,15.52
SAN_DTW,1277,9.39,14.49
SFO_BWI,877,9.38,18.7
SAT_IAD,648,9.37,9.26
TUS_LAX,2623,9.36,12.81
SLC_BNA,1214,9.36,14.66
SLC_GEG,1663,9.32,12.81
ANC_ADQ,825,9.32,13.82
STL_CMH,662,9.32,15.26
CLE_SFO,646,9.31,11.3
SEA_PDX,4793,9.3,17.9
SEA_SLC,4092,9.29,15.66
SAN_LAX,2361,9.29,11.27
HSV_ATL,2317,9.23,10.79
SFO_KOA,808,9.23,14.11
SJC_PDX,1707,9.23,15.17
FAI_ANC,912,9.23,15.02
SEA_PSC,2014,9.22,17.18
SLC_PDX,2423,9.21,12.88
MSP_LAS,2325,9.2,15.53
LGB_DAL,676,9.19,12.28
HOU_SAT,1553,9.19,16.29
FLL_ACY,538,9.19,13.94
SNA_SEA,3847,9.18,14.14
BNA_SLC,1220,9.16,14.34
SNA_IAH,1157,9.15,10.8
MEM_HOU,789,9.14,15.84
LAX_SEA,7297,9.14,13.32
TUL_DAL,1035,9.13,13.53
LEX_ATL,2054,9.13,11.44
TUL_LAS,762,9.13,14.57
CLE_BWI,954,9.12,13.42
TPA_STL,1148,9.11,14.9
FLL_MCO,1254,9.1,12.84
STL_CLE,696,9.08,14.8
ELP_HOU,1040,9.06,14.13
IAH_CLE,901,9.04,12.99
LAX_BZN,591,9.03,12.01
LAX_ELP,1206,9.02,12.77
SMF_IAH,663,9.01,8.6
MSY_MDW,999,9.01,15.92
SAN_PDX,1638,9.0,14.16
LIH_OAK,690,8.99,12.61
ELP_AUS,1007,8.98,13.21
RDU_LAS,733,8.96,16.78
OAK_LAX,2226,8.94,15.63
SEA_MSP,2695,8.94,14.21
SLC_SMF,2088,8.94,13.46
SEA_BOI,3934,8.94,15.63
LGB_SLC,1547,8.93,10.99
PNS_ATL,2648,8.92,9.06
SFO_MFR,991,8.92,14.83
SJC_BUR,2372,8.89,14.46
PSC_SEA,2016,8.88,12.1
ATL_GEG,500,8.87,18.0
PDX_PSP,723,8.86,16.46
SLC_SJC,1826,8.86,12.54
SEA_PSP,1639,8.86,15.25
DFW_TRI,593,8.84,16.53
SLC_DTW,1531,8.83,11.69
SFO_ABQ,677,8.83,13.88
SLC_BOI,1702,8.83,12.87
RNO_LAX,2570,8.82,12.41
LAX_SMF,5587,8.82,12.1
PHX_BWI,1290,8.81,14.42
SEA_DTW,1979,8.8,15.01
LAX_IAD,2385,8.8,13.79
BOI_SEA,3742,8.78,15.42
SAN_BWI,990,8.78,14.95
BOI_MSP,772,8.76,11.14
OGG_OAK,684,8.76,12.13
VPS_BNA,829,8.76,9.53
LAX_HOU,1195,8.75,16.65
SFO_IND,505,8.73,17.62
PHX_LGB,1564,8.73,15.41
OGG_LIH,1454,8.73,15.54
OAK_BUR,3012,8.71,14.38
PSC_PHX,677,8.7,9.75
SLC_BUR,1481,8.69,15.53
ABQ_DAL,1640,8.69,13.66
BOI_SAN,928,8.68,14.12
JAX_BNA,1049,8.65,12.96
ATL_SJC,872,8.65,12.73
FLL_IAD,748,8.65,12.43
PHX_GJT,933,8.64,14.9
SMF_BUR,2713,8.63,15.11
MSP_SLC,1583,8.63,14.28
ELP_LAX,1206,8.63,11.11
CLT_HHH,1085,8.61,15.3
ECP_BNA,1054,8.61,12.43
HOU_TUL,711,8.61,15.75
HOU_MSY,2258,8.59,14.04
LAX_OGG,1826,8.59,12.76
PHX_RDM,717,8.58,13.81
SLC_CLT,869,8.57,14.61
OKC_SLC,705,8.55,8.09
MIA_GSP,623,8.54,14.13
SFO_SAT,508,8.54,15.35
FAT_LAX,1044,8.53,11.02
BUR_OAK,3016,8.52,13.06
SLC_LAX,4153,8.52,13.24
PDX_LAX,4530,8.5,10.53
EUG_SEA,1984,8.48,11.64
RDU_PHX,695,8.48,12.66
PIT_ATL,2756,8.47,11.68
SLC_MSP,1580,8.46,14.68
JNU_SIT,713,8.46,13.46
PDX_ONT,565,8.45,12.92
IAH_SNA,1153,8.45,13.53
SEA_SNA,3847,8.42,15.21
MFR_SEA,1064,8.41,6.58
SJC_LGB,1228,8.41,13.19
GSP_ATL,2789,8.41,9.79
TUS_SEA,1060,8.39,12.17
MKE_ATL,2226,8.38,10.65
ANC_DEN,561,8.37,10.7
ONT_SLC,1214,8.37,7.91
LAX_LIH,1455,8.37,11.89
PDX_MSP,1397,8.37,10.81
SNA_SMF,2280,8.36,15.26
STL_SLC,961,8.34,10.2
SMF_SLC,2089,8.33,11.54
PSP_SEA,1631,8.33,13.12
BOI_SJC,706,8.32,14.87
MIA_EYW,1314,8.3,13.62
GSP_MIA,622,8.29,13.67
PHX_XNA,729,8.26,14.54
OAK_ONT,1562,8.23,13.0
PHX_OGG,729,8.22,13.31
FCA_SLC,1142,8.22,6.22
BZN_SLC,1104,8.2,10.33
BNA_VPS,826,8.19,11.38
CMH_BWI,1039,8.19,10.68
MSY_STL,718,8.17,14.9
GEG_SLC,1667,8.16,10.14
MRY_LAX,886,8.14,9.82
PDX_BUR,896,8.13,13.39
IAD_CHS,710,8.12,11.55
MEM_MDW,642,8.1,13.4
MSY_IAD,644,8.09,9.47
SFO_MSP,1883,8.02,12.21
BOI_OAK,661,8.01,11.95
MIA_PNS,1216,8.0,13.98
SAT_DTW,940,7.99,10.74
LAX_MDW,1359,7.95,13.25
PDX_SLC,2426,7.95,11.87
HOU_LGB,554,7.93,13.72
HNL_OAK,796,7.92,14.2
ABQ_HOU,958,7.92,13.57
CVG_IAD,500,7.89,10.4
HNL_SJC,908,7.89,13.33
SJC_ONT,1322,7.89,14.22
RDM_SLC,728,7.86,9.62
SMF_ONT,2091,7.82,12.39
DSM_STL,672,7.81,9.97
LAX_OKC,871,7.79,9.53
LAX_SLC,4156,7.79,10.06
MRY_DEN,724,7.78,8.7
SFO_IAH,3407,7.77,12.8
ANC_JNU,1217,7.72,12.33
BUR_PDX,898,7.7,9.35
ONT_OAK,1565,7.69,11.44
LAX_BWI,1723,7.67,12.13
GEG_PDX,806,7.67,12.03
LIH_SFO,666,7.64,9.61
SMF_LAX,5598,7.64,11.43
MAF_DAL,1358,7.61,11.34
ONT_SMF,2085,7.61,11.37
SLC_ONT,1213,7.59,9.32
PDX_BOI,991,7.58,13.02
LAX_BOI,1441,7.58,9.65
LGB_SJC,1224,7.55,12.01
LAX_OAK,2213,7.55,12.88
SNA_OAK,2503,7.53,13.02
SLC_PSC,1157,7.51,11.06
LAX_PDX,4536,7.5,11.35
PSC_DEN,712,7.48,9.27
SLC_BZN,1099,7.46,10.83
LAX_ABQ,2150,7.46,10.19
DTW_MYR,554,7.46,13.18
SMF_MDW,620,7.45,15.32
BOS_SDF,681,7.44,12.19
PHX_CLD,636,7.44,12.89
SBA_SLC,914,7.42,5.58
MIA_TLH,1176,7.41,12.5
ONT_ATL,911,7.39,7.9
LAX_FAT,1045,7.39,10.91
ANC_SCC,536,7.37,13.43
BOI_SLC,1699,7.37,8.12
SNA_SJC,2602,7.36,12.45
OGG_KOA,1465,7.33,14.68
LAX_RNO,2564,7.32,11.35
ICT_STL,672,7.32,12.35
BUR_SMF,2710,7.32,12.51
PDX_OGG,721,7.29,10.12
SLC_COS,558,7.28,10.75
PDX_GEG,808,7.27,13.37
OAK_LIH,690,7.25,12.75
PIT_IAD,1188,7.23,12.71
BUR_SJC,2368,7.23,11.36
GEG_LAS,846,7.23,13.12
SLC_TUL,570,7.23,8.77
SJC_MDW,519,7.21,14.26
SAT_MDW,722,7.2,12.88
TUL_STL,671,7.17,11.48
OAK_LGB,1748,7.16,11.9
LGB_HOU,549,7.16,12.75
SMF_SNA,2291,7.13,13.84
LIH_HNL,7959,7.1,11.94
LGB_SMF,1984,7.09,11.64
SFO_TPA,643,7.08,12.91
SLC_MSO,1031,7.03,9.41
LAX_CLE,683,7.01,9.96
SMF_LGB,1989,7.0,12.82
MSO_SLC,1033,6.99,8.33
SLC_LGB,1546,6.96,11.25
SLC_JAC,1167,6.95,11.48
GEG_LAX,858,6.95,6.29
OKC_STL,685,6.95,12.12
CLD_PHX,636,6.88,9.43
KOA_HNL,7364,6.86,10.76
ONT_PDX,567,6.86,10.41
SJC_BOI,700,6.84,11.43
SJC_LAX,4935,6.8,10.94
SLC_RNO,1186,6.75,10.29
LIH_OGG,1451,6.73,11.37
SCC_ANC,537,6.73,9.87
SJC_HNL,906,6.71,9.93
MKE_STL,671,6.71,9.39
SJC_SNA,2597,6.71,12.86
SLC_BIL,1068,6.68,8.33
SFO_CLE,644,6.68,8.7
SEA_MFR,1061,6.68,9.24
OAK_SNA,2505,6.65,12.89
ABQ_MDW,518,6.58,10.62
SAT_STL,557,6.55,11.31
MFR_SLC,719,6.55,7.65
PDX_MDW,600,6.53,12.0
OAK_SLC,1763,6.51,9.02
HNL_DEN,599,6.49,11.52
SLC_FCA,1139,6.47,8.78
LAX_SJC,4909,6.47,10.72
CLE_LAX,685,6.4,9.64
MCI_STL,1003,6.39,12.46
OGG_LAS,760,6.36,11.05
HNL_LIH,7958,6.36,10.37
SFO_RDU,877,6.34,9.81
SJC_SLC,1827,6.34,7.61
BOI_PDX,1220,6.33,9.51
ANC_PDX,882,6.33,8.84
SLC_MDW,634,6.27,12.3
GEG_OAK,515,6.25,11.84
OGG_HNL,10579,6.2,10.58
CLE_IAH,902,6.19,12.86
HNL_LGB,724,6.12,13.4
FAT_PDX,720,6.07,7.78
LAX_GEG,857,6.0,8.98
SMF_MSP,584,5.95,8.39
ITO_HNL,6282,5.94,10.01
HNL_KOA,7364,5.92,9.86
LAX_MRY,884,5.91,8.6
SLC_SGU,1680,5.89,7.92
OMA_STL,811,5.88,7.77
OGG_SFO,1490,5.83,8.52
PSC_SLC,1160,5.8,6.03
TWF_SLC,720,5.75,4.72
HNL_OGG,10589,5.73,9.76
SLC_OMA,698,5.71,9.74
SFO_OGG,1488,5.69,9.21
SJC_ATL,873,5.68,6.99
SLC_OAK,1762,5.67,9.31
SLC_OKC,700,5.65,9.29
PSE_MCO,581,5.6,8.26
COS_SLC,558,5.54,8.24
SFO_PIT,565,5.53,10.27
SLC_MFR,713,5.51,8.98
HNL_ITO,6287,5.46,9.38
SLC_GJT,632,5.38,5.06
TUL_SLC,569,5.37,8.26
ANC_FAI,915,5.35,7.43
SLC_SBA,907,5.29,8.6
SJC_OGG,524,5.29,5.92
LGB_OAK,1747,5.27,9.27
CDC_SLC,627,5.19,7.5
LGB_HNL,725,5.18,9.52
PDX_SNA,1523,5.1,9.19
EKO_SLC,501,5.05,2.99
KOA_OGG,1462,5.05,8.0
SNA_PDX,1525,5.04,7.93
SLC_CDC,627,4.93,5.74
SGU_SLC,1682,4.92,5.89
GTF_SLC,1059,4.9,6.33
GJT_SLC,633,4.88,5.69
BOI_LAX,1444,4.78,5.89
SLC_PIH,524,4.72,6.68
FAT_SLC,1268,4.62,6.07
PSP_SLC,1071,4.56,4.86
ABQ_SLC,1146,4.55,4.89
SLC_TWF,722,4.49,6.37
TUS_SLC,1083,4.45,4.62
OMA_SLC,703,4.35,6.69
EUG_SLC,729,4.27,4.8
PSP_PDX,728,4.23,7.01
SLC_TUS,1084,4.16,8.03
SLC_ABQ,1148,4.12,5.92
SLC_RDM,724,4.07,7.32
SFO_LIH,667,3.94,7.8
SLC_EUG,729,3.91,4.8
SLC_FAT,1264,3.83,5.38
SLC_GTF,1059,3.81,5.95
PIH_SLC,524,3.62,5.73
SLC_SUN,1071,3.18,3.73
HLN_SLC,721,3.17,3.47
SLC_PSP,1070,2.43,5.42
SLC_HLN,720,1.89,2.5
