epoch,train_loss,train_accuracy,train_macro_f1,train_weighted_f1,val_loss,val_accuracy,val_macro_f1,val_weighted_f1,epoch_time_seconds,model,train_balanced_accuracy,val_balanced_accuracy
1,0.9685845113583954,0.7082709059810928,0.4030926886464638,0.7063323335763958,0.936263282049316,0.7993068138371262,0.319491609840577,0.7255364508543989,99.38682508468628,MLP with Embeddings,,
2,0.9496335066060656,0.7193951286776893,0.4213666814146807,0.7164507458852196,0.9428659264207518,0.7995362135744801,0.3235164434149182,0.7274763483235371,93.95858883857728,MLP with Embeddings,,
3,0.9435792960299516,0.7202360943316614,0.4274475999725107,0.7184152100251098,0.9363733694647186,0.798214671609289,0.3279026525763863,0.7290795929075,97.42744302749634,MLP with Embeddings,,
4,0.9392946966766956,0.7193023163309954,0.432149784231741,0.7191372245479392,0.941448857425714,0.7967584819721728,0.3358903317375633,0.7323571055900208,100.57527470588684,MLP with Embeddings,,
5,0.9343387665706884,0.7176032264379479,0.4371484359548396,0.7192756553813698,0.9402839142866768,0.7968415978190402,0.3403088360804864,0.7344542766715648,103.01093578338624,MLP with Embeddings,,
6,0.9321217363400832,0.7174123371786763,0.4394241461949455,0.7196625033316837,0.9476290544609952,0.7985222002426983,0.3329475265610538,0.7317494026045368,97.51216316223145,MLP with Embeddings,,
7,0.9299644674616634,0.7172774083049112,0.4418735972478866,0.7200663068065192,0.9463827498322924,0.7976710939707765,0.3384294574778424,0.7340273814759392,94.24330854415894,MLP with Embeddings,,
8,0.927294258907966,0.7161765290834118,0.4440878093243667,0.7199452818634587,0.9501633330498184,0.7968366108682281,0.3410931074813974,0.7349336972208925,96.51316595077516,MLP with Embeddings,,
9,0.926032890895233,0.715732940661713,0.4454406681024665,0.7200474253740534,0.9456797912241024,0.795418654520671,0.3441185993071651,0.7357851738765421,96.67865824699402,MLP with Embeddings,,
10,0.9249175251900842,0.7154352002133904,0.4466748845600068,0.7200773107094555,0.9489859436524446,0.7957976627823861,0.3434983067622665,0.7356233201092146,98.03959846496582,MLP with Embeddings,,
11,0.9233840231681298,0.7153047559698227,0.4479870076344165,0.7202796749673677,0.9514769217660318,0.7955732499958442,0.3450308002770241,0.7362561525975841,96.88514471054076,MLP with Embeddings,,
12,0.9226823275693532,0.7154326654224092,0.4485225694257113,0.7204758202156315,0.9524851159247906,0.795390395132736,0.345626663471251,0.7364491650006407,102.5524559020996,MLP with Embeddings,,
13,0.9224179167388042,0.7147250687708292,0.4490250306688076,0.7201753970389646,0.9525203247183028,0.7955466529248466,0.3455926533176623,0.7365034060318553,99.80730390548706,MLP with Embeddings,,
14,0.9213914935897536,0.7146503899288464,0.4499200173396713,0.7203267457846243,0.9525252268099036,0.7956613527935236,0.3458895749409397,0.7366466567629508,99.36632990837096,MLP with Embeddings,,
15,0.9211614429900274,0.7146164627264836,0.4498389421952393,0.7202861415049411,0.9537526731421176,0.7949714912645245,0.3468218806528911,0.7367948977859142,103.97572827339172,MLP with Embeddings,,
1,1.000045575104625,0.635672152474307,0.4062631570219184,0.6659708437357588,0.9771487646875584,0.7613744036437987,0.3701645178257755,0.7337599665231951,102.0572066307068,Wide & Deep,,
2,0.9818340155070998,0.6462381362032886,0.424003020605604,0.6761095648382917,0.9806778966689924,0.7718436757152118,0.3716611000373178,0.7389820318317885,100.60351395606996,Wide & Deep,,
3,0.975253988882693,0.6475261999895489,0.4301080916723427,0.6781604425343969,0.9781837522078934,0.7706351713017604,0.3760327143261385,0.7403002012713069,100.25146341323853,Wide & Deep,,
4,0.9700361096889484,0.6484447692443281,0.4344546268614717,0.6796186744186389,0.9784142035817498,0.764822048971857,0.3825016859344801,0.7405705908148611,106.86755561828612,Wide & Deep,,
5,0.9632516311963806,0.649218660429261,0.4395780025203843,0.6810936328291363,0.9785103704474488,0.7594527652642252,0.3861171380562347,0.7395090394151093,105.36744356155396,Wide & Deep,,
6,0.9599524181089176,0.6491155139347209,0.4415984620059103,0.6813944687806176,0.9813310071972868,0.7597353591435743,0.3890784378049185,0.7400055891382259,104.02690172195436,Wide & Deep,,
7,0.9574603803356736,0.648873733871905,0.4429280393507511,0.6814917751178211,0.9856259606969974,0.7546852402879133,0.3903594907100054,0.7374546813251579,99.81455087661745,Wide & Deep,,
8,0.9535097502356602,0.6493161523900739,0.4455101560790304,0.6822097919519092,0.991186430175755,0.7618664494572536,0.389804426861535,0.7399732313041436,98.54485297203064,Wide & Deep,,
9,0.951722501020324,0.6488115340009063,0.4463784665524941,0.6820638960680064,0.9896116289969686,0.7588144355602839,0.3920411803078227,0.7393418083554976,100.62471675872804,Wide & Deep,,
10,0.9502435717456724,0.6490790519413769,0.4475317315914822,0.6824038361985063,0.9874881713923054,0.7515285004238909,0.3963314082095056,0.7371686897210155,99.84504008293152,Wide & Deep,,
11,0.9478779875582628,0.6487508940012806,0.448202606992013,0.6823640452860681,0.9929978395333912,0.7576990208953239,0.3927979961959298,0.7389944331263638,97.6487169265747,Wide & Deep,,
12,0.9469276488725028,0.6484576381831554,0.4484873528103687,0.68220831147394,0.996539363828268,0.7595774390345263,0.3933903780216186,0.7395775024575852,100.396005153656,Wide & Deep,,
13,0.9464296873954736,0.6484816212055154,0.4490820378655913,0.6823256099065063,0.9926259923849616,0.7528766394600794,0.3963337859425087,0.7375799864473593,99.33187675476074,Wide & Deep,,
14,0.944943808428492,0.6483823743894078,0.4494736610997515,0.6823442133356848,0.996014172119261,0.7527918612962747,0.3955611589016886,0.7373454544665656,94.8914897441864,Wide & Deep,,
15,0.9446990926432178,0.6486415080212485,0.4501897899427796,0.6825955277602024,0.9959859998012506,0.7531309739514936,0.396142339365286,0.7375917269521717,93.79876327514648,Wide & Deep,,
1,1.0627433395526171,0.6494278781771655,0.4062029133022451,0.674434396500072,1.0485082263945107,0.742563625180777,0.3849811642633703,0.7290509821196357,184.54228329658508,TabTransformer,0.4197965572960431,0.3866329907029313
2,1.0422923778734263,0.6609149659519076,0.4268957087431828,0.6858031633716937,1.040312648141733,0.7047891350964975,0.4014662829577729,0.7142607706689343,202.3769233226776,TabTransformer,0.4445916085669819,0.4080160096579587
3,1.0338423640595802,0.6591780491780648,0.4335204963921967,0.6864536699603497,1.049120735626326,0.6965407184533803,0.4000608402997292,0.7100154914085921,193.3184950351715,TabTransformer,0.4569002660600772,0.4086679760286797
4,1.027806875649203,0.6584858562562931,0.4380199770158561,0.6871207818607977,1.0758358981267433,0.7124374553252323,0.394083532324265,0.7158947510475311,196.6091141700745,TabTransformer,0.4656627691285918,0.3967327702395812
5,1.0232604759370592,0.6569199403817161,0.440933337212272,0.6869337792290764,1.0584652086508857,0.6717854946224047,0.3955301082245063,0.6948534214938076,198.3815999031067,TabTransformer,0.4729940945940862,0.4092770028260691
6,1.0193900233603492,0.6570388805739079,0.443796947081417,0.6876195561267346,1.077683194678366,0.6803081935601842,0.3910074687928258,0.6983960812561811,194.0086052417755,TabTransformer,0.4786058190587979,0.4017049903785907
7,1.016058705498935,0.6571057600590255,0.4456825855101019,0.6881281615864487,1.0730410776550965,0.6967751051415463,0.4001102546539341,0.7096835968019999,204.10960054397583,TabTransformer,0.4832919886669897,0.4089654886897777
